City_ID,City,Country,Date,Lat,Lng,Max Temp,Humidity,Cloudiness,Wind Speed
0,Mataura,NZ,2020-03-02 20:12:23,-46.19,168.86,55.99,90,100,11.99
1,Namwala,ZM,2020-03-02 20:12:23,-15.75,26.44,65.73,97,46,5.84
2,Constitucion,CL,2020-03-02 20:12:23,-35.33,-72.42,62.29,75,67,6.55
3,Tasiilaq,GL,2020-03-02 20:12:24,65.61,-37.64,30.2,74,97,20.8
4,Hilo,US,2020-03-02 20:10:36,19.73,-155.09,77.0,65,1,3.36
5,Ushuaia,AR,2020-03-02 20:11:20,-54.8,-68.3,59.0,50,40,4.7
6,Asau,RO,2020-03-02 20:12:24,46.43,26.4,51.8,57,79,12.75
7,Chuy,UY,2020-03-02 20:12:24,-33.7,-53.46,75.13,63,13,14.16
8,Nikolskoye,RU,2020-03-02 20:12:25,59.7,30.79,34.0,86,20,4.47
9,Gizo,SB,2020-03-02 20:12:25,-8.1,156.84,80.08,81,0,0.69
10,Rawlins,US,2020-03-02 20:08:49,41.79,-107.24,28.4,79,75,21.92
11,Kaeo,NZ,2020-03-02 20:12:25,-35.1,173.78,73.0,100,90,8.95
12,Arraial Do Cabo,BR,2020-03-02 20:12:25,-22.97,-42.03,71.6,94,90,9.17
13,Busselton,AU,2020-03-02 20:12:26,-33.65,115.33,59.0,47,0,15.43
14,Punta Arenas,CL,2020-03-02 20:12:26,-53.15,-70.92,62.6,63,75,25.28
15,Nikolskoye,RU,2020-03-02 20:12:26,59.7,30.79,34.0,86,20,4.47
16,Pevek,RU,2020-03-02 20:12:27,69.7,170.31,-7.89,98,100,9.37
17,Buin,CL,2020-03-02 20:12:27,-33.73,-70.75,86.0,33,0,9.17
18,Dikson,RU,2020-03-02 20:12:27,73.51,80.55,1.89,99,98,9.78
19,Hobart,AU,2020-03-02 20:12:27,-42.88,147.33,55.4,54,75,8.05
20,Mount Isa,AU,2020-03-02 20:12:27,-20.73,139.5,78.8,74,40,4.7
21,Bluff,NZ,2020-03-02 20:12:27,-46.6,168.33,55.99,90,100,11.99
22,Neyyattinkara,IN,2020-03-02 20:12:28,8.4,77.08,82.4,78,20,4.7
23,Saskylakh,RU,2020-03-02 20:12:28,71.92,114.08,13.35,84,100,13.33
24,Dubbo,AU,2020-03-02 20:12:04,-32.25,148.62,71.6,73,90,13.87
25,Coahuayana,MX,2020-03-02 20:12:28,18.73,-103.68,84.2,51,5,5.82
26,San Cristobal,VE,2020-03-02 20:12:29,7.77,-72.22,91.4,46,40,11.41
27,Whyalla,AU,2020-03-02 20:12:29,-33.03,137.58,64.4,63,90,12.75
28,Ushuaia,AR,2020-03-02 20:09:40,-54.8,-68.3,59.0,50,40,4.7
29,Anshun,CN,2020-03-02 20:12:29,26.25,105.93,50.16,92,100,5.99
30,Avera,US,2020-03-02 20:12:30,33.19,-82.53,69.8,82,90,3.36
31,Albany,US,2020-03-02 20:10:25,42.6,-73.97,59.0,32,40,18.34
32,Dikson,RU,2020-03-02 20:12:27,73.51,80.55,1.89,99,98,9.78
33,Upernavik,GL,2020-03-02 20:12:30,72.79,-56.15,-25.78,84,0,7.52
34,Ushuaia,AR,2020-03-02 20:09:40,-54.8,-68.3,59.0,50,40,4.7
35,Santa Lucia,ES,2020-03-02 20:12:30,27.91,-15.54,66.2,82,40,20.8
36,Bonfim,BR,2020-03-02 20:12:31,3.08,-59.95,97.66,30,69,8.59
37,Fairbanks,US,2020-03-02 20:10:20,64.84,-147.72,-0.99,76,75,5.82
38,Thompson,CA,2020-03-02 20:07:32,55.74,-97.86,15.8,66,75,4.7
39,Nikolskoye,RU,2020-03-02 20:12:26,59.7,30.79,34.0,86,20,4.47
40,Ushuaia,AR,2020-03-02 20:09:40,-54.8,-68.3,59.0,50,40,4.7
41,Bulungu,CD,2020-03-02 20:12:32,-4.55,18.6,72.81,93,90,5.79
42,Avarua,CK,2020-03-02 20:12:32,-21.21,-159.78,82.4,88,0,4.7
43,Busselton,AU,2020-03-02 20:12:26,-33.65,115.33,59.0,47,0,15.43
44,Luganville,VU,2020-03-02 20:12:33,-15.53,167.17,78.8,100,75,2.24
45,Qaanaaq,GL,2020-03-02 20:12:33,77.48,-69.36,-20.43,55,28,5.41
46,Saint-Philippe,RE,2020-03-02 20:12:33,-21.36,55.77,80.6,94,96,13.87
47,Castro,BR,2020-03-02 20:11:26,-24.79,-50.01,63.09,94,89,6.62
48,Varnamo,SE,2020-03-02 20:12:34,57.19,14.04,35.6,100,75,4.54
49,San Cristobal,VE,2020-03-02 20:12:29,7.77,-72.22,91.4,46,40,11.41
50,Karanpura,IN,2020-03-02 20:12:34,29.1,75.09,67.01,41,0,9.48
51,Maumere,ID,2020-03-02 20:12:34,-8.62,122.21,77.65,77,100,3.98
52,Arraial Do Cabo,BR,2020-03-02 20:12:25,-22.97,-42.03,71.6,94,90,9.17
53,Norman Wells,CA,2020-03-02 20:12:35,65.28,-126.83,-11.2,76,90,8.05
54,Williams Lake,CA,2020-03-02 20:12:35,52.14,-122.14,30.2,80,90,8.05
55,San Patricio,MX,2020-03-02 20:12:35,19.22,-104.7,84.2,66,5,11.41
56,Port Alfred,ZA,2020-03-02 20:12:36,-33.59,26.89,69.01,94,7,6.46
57,Georgetown,MY,2020-03-02 20:12:36,5.41,100.34,82.4,83,20,3.8
58,San Jeronimo,PE,2020-03-02 20:12:36,-11.95,-75.28,54.79,63,45,4.9
59,Durres,AL,2020-03-02 20:08:46,41.32,19.44,53.6,93,87,2.24
60,Rikitea,PF,2020-03-02 20:12:36,-23.12,-134.97,80.17,79,100,17.52
61,Vaini,TO,2020-03-02 20:12:37,-21.2,-175.2,78.8,88,20,6.93
62,Maumere,ID,2020-03-02 20:12:34,-8.62,122.21,77.65,77,100,3.98
63,Talakan,RU,2020-03-02 20:12:37,50.32,130.37,6.84,96,100,2.64
64,Castro,BR,2020-03-02 20:11:26,-24.79,-50.01,63.09,94,89,6.62
65,Saint-Philippe,RE,2020-03-02 20:12:33,-21.36,55.77,80.6,94,96,13.87
66,Busselton,AU,2020-03-02 20:12:26,-33.65,115.33,59.0,47,0,15.43
67,Punta Arenas,CL,2020-03-02 20:12:26,-53.15,-70.92,62.6,63,75,25.28
68,Saint George,US,2020-03-02 20:10:32,37.1,-113.58,55.0,34,1,6.93
69,Lebu,CL,2020-03-02 20:12:39,-37.62,-73.65,73.4,40,0,6.73
70,Mataura,NZ,2020-03-02 20:12:23,-46.19,168.86,55.99,90,100,11.99
71,Port Alfred,ZA,2020-03-02 20:12:36,-33.59,26.89,69.01,94,7,6.46
72,Butaritari,KI,2020-03-02 20:12:39,3.07,172.79,82.58,78,100,22.59
73,Paamiut,GL,2020-03-02 20:12:39,61.99,-49.67,-3.6,62,0,14.56
74,Codrington,AU,2020-03-02 20:12:39,-38.27,141.97,58.68,75,100,15.37
75,Laguna,US,2020-03-02 20:12:40,38.42,-121.42,70.0,16,1,17.22
76,Inverell,AU,2020-03-02 20:12:40,-29.78,151.12,64.99,86,100,4.32
77,Port Elizabeth,ZA,2020-03-02 20:12:40,-33.92,25.57,68.0,94,75,3.36
78,Ushuaia,AR,2020-03-02 20:09:40,-54.8,-68.3,59.0,50,40,4.7
79,Katangli,RU,2020-03-02 20:12:41,51.71,143.23,-0.51,99,100,0.49
80,Carutapera,BR,2020-03-02 20:12:41,-1.2,-46.02,82.22,78,100,14.18
81,Jieshi,CN,2020-03-02 20:12:41,22.81,115.83,61.34,74,100,8.23
82,Bluff,NZ,2020-03-02 20:12:27,-46.6,168.33,55.99,90,100,11.99
83,Rikitea,PF,2020-03-02 20:12:36,-23.12,-134.97,80.17,79,100,17.52
84,Griffith,US,2020-03-02 20:11:12,41.53,-87.42,52.0,48,1,2.44
85,Bathsheba,BB,2020-03-02 20:12:42,13.22,-59.52,75.2,69,75,19.46
86,Punta Arenas,CL,2020-03-02 20:12:26,-53.15,-70.92,62.6,63,75,25.28
87,Bandundu,CD,2020-03-02 20:12:43,-3.32,17.37,71.26,92,66,5.06
88,Ifanadiana,MG,2020-03-02 20:12:43,-21.3,47.63,64.98,99,96,3.85
89,Kutum,SD,2020-03-02 20:12:44,14.2,24.67,62.17,18,7,4.7
90,Namatanai,PG,2020-03-02 20:12:44,-3.67,152.43,84.94,69,8,3.13
91,Fairbanks,US,2020-03-02 20:10:20,64.84,-147.72,-0.99,76,75,5.82
92,Sistranda,NO,2020-03-02 20:12:44,63.73,8.83,30.0,68,100,21.92
93,Lagoa,PT,2020-03-02 20:12:44,39.05,-27.98,62.96,84,100,24.36
94,Hamilton,US,2020-03-02 20:12:45,39.18,-84.53,52.0,87,90,4.7
95,Caranavi,BO,2020-03-02 20:12:45,-15.82,-67.55,70.84,66,97,1.66
96,Tautira,PF,2020-03-02 20:12:45,-17.73,-149.15,84.2,74,90,10.29
97,Viedma,AR,2020-03-02 20:07:53,-40.81,-63.0,99.05,12,22,14.94
98,Saskylakh,RU,2020-03-02 20:12:28,71.92,114.08,13.35,84,100,13.33
99,Bluff,NZ,2020-03-02 20:12:27,-46.6,168.33,55.99,90,100,11.99
100,Leshukonskoye,RU,2020-03-02 20:12:46,64.9,45.76,27.46,90,98,9.73
101,Ushuaia,AR,2020-03-02 20:09:40,-54.8,-68.3,59.0,50,40,4.7
102,New Norfolk,AU,2020-03-02 20:12:46,-42.78,147.06,55.4,54,75,8.05
103,San Cristobal,VE,2020-03-02 20:12:29,7.77,-72.22,91.4,46,40,11.41
104,Castro,BR,2020-03-02 20:11:26,-24.79,-50.01,63.09,94,89,6.62
105,Ilulissat,GL,2020-03-02 20:12:47,69.22,-51.1,-16.6,51,20,3.36
106,San Patricio,MX,2020-03-02 20:12:35,19.22,-104.7,84.2,66,5,11.41
107,Hilo,US,2020-03-02 20:12:47,19.73,-155.09,77.0,65,1,3.36
108,Cayenne,GF,2020-03-02 20:09:33,4.93,-52.33,82.4,74,75,11.41
109,Ushuaia,AR,2020-03-02 20:09:40,-54.8,-68.3,59.0,50,40,4.7
110,Kodiak,US,2020-03-02 20:12:48,57.79,-152.41,28.4,42,1,14.99
111,Noumea,NC,2020-03-02 20:12:48,-22.28,166.46,80.01,94,92,3.36
112,Doha,QA,2020-03-02 20:10:53,25.29,51.53,66.2,68,0,11.41
113,Lawrence,US,2020-03-02 20:11:52,38.97,-95.24,54.0,43,1,6.93
114,Ushuaia,AR,2020-03-02 20:09:40,-54.8,-68.3,59.0,50,40,4.7
115,Saint-Louis,SN,2020-03-02 20:12:49,16.33,-15.0,91.4,19,0,2.24
116,Vaini,TO,2020-03-02 20:12:37,-21.2,-175.2,78.8,88,20,6.93
117,Port Elizabeth,ZA,2020-03-02 20:12:40,-33.92,25.57,68.0,94,75,3.36
118,Mehamn,NO,2020-03-02 20:12:50,71.04,27.85,32.0,63,40,23.04
119,Vostok,RU,2020-03-02 20:12:50,46.49,135.88,13.93,97,100,0.98
120,Haines Junction,CA,2020-03-02 20:12:50,60.75,-137.51,22.93,86,10,25.95
121,Rikitea,PF,2020-03-02 20:12:36,-23.12,-134.97,80.17,79,100,17.52
122,Anloga,GH,2020-03-02 20:12:51,5.79,0.9,86.0,84,20,10.29
123,Markova,UA,2020-03-02 20:12:51,48.68,24.41,46.4,49,10,6.71
124,Tuktoyaktuk,CA,2020-03-02 20:12:51,69.45,-133.04,-40.0,65,5,4.7
125,Jamestown,US,2020-03-02 20:12:51,42.1,-79.24,48.2,93,90,13.87
126,San Patricio,MX,2020-03-02 20:12:35,19.22,-104.7,84.2,66,5,11.41
127,Zhezkazgan,KZ,2020-03-02 20:12:52,47.8,67.71,15.58,90,31,10.49
128,Hasaki,JP,2020-03-02 20:12:52,35.73,140.83,39.2,100,75,1.12
129,Odweyne,SO,2020-03-02 20:12:52,9.41,45.06,70.52,30,0,8.23
130,Borskoye,RU,2020-03-02 20:12:52,53.03,51.72,26.49,83,100,9.35
131,Grindavik,IS,2020-03-02 20:12:53,63.84,-22.43,35.6,66,90,33.33
132,Dingle,PH,2020-03-02 20:12:53,11.0,122.67,71.35,91,85,10.16
133,Kahului,US,2020-03-02 20:11:27,20.89,-156.47,73.4,78,20,14.99
134,Rikitea,PF,2020-03-02 20:12:36,-23.12,-134.97,80.17,79,100,17.52
135,Tautira,PF,2020-03-02 20:12:45,-17.73,-149.15,84.2,74,90,10.29
136,Honiara,SB,2020-03-02 20:12:54,-9.43,159.95,75.2,100,20,2.24
137,Mataura,NZ,2020-03-02 20:12:23,-46.19,168.86,55.99,90,100,11.99
138,Rikitea,PF,2020-03-02 20:12:36,-23.12,-134.97,80.17,79,100,17.52
139,Albany,US,2020-03-02 20:10:25,42.6,-73.97,59.0,32,40,18.34
140,Ushuaia,AR,2020-03-02 20:09:40,-54.8,-68.3,59.0,50,40,4.7
141,Busselton,AU,2020-03-02 20:12:26,-33.65,115.33,59.0,47,0,15.43
142,Jamestown,US,2020-03-02 20:12:51,42.1,-79.24,48.2,93,90,13.87
143,Castro,BR,2020-03-02 20:11:26,-24.79,-50.01,63.09,94,89,6.62
144,Raduzhnyy,RU,2020-03-02 20:12:55,62.1,77.47,13.64,96,88,7.07
145,Sterling,US,2020-03-02 20:12:55,39.01,-77.43,66.2,58,75,11.41
146,Atuona,PF,2020-03-02 20:12:55,-9.8,-139.03,82.04,76,30,14.94
147,Port Alfred,ZA,2020-03-02 20:12:36,-33.59,26.89,69.01,94,7,6.46
148,Yerbogachen,RU,2020-03-02 20:12:56,61.28,108.01,-0.51,98,63,5.99
149,Cherskiy,RU,2020-03-02 20:12:56,68.75,161.3,-11.65,97,100,4.27
150,Port Lincoln,AU,2020-03-02 20:09:04,-34.73,135.87,59.63,75,97,16.55
151,Yellowknife,CA,2020-03-02 20:12:57,62.46,-114.35,0.0,70,75,13.87
152,Chegdomyn,RU,2020-03-02 20:12:57,51.12,133.02,7.52,96,100,0.69
153,Gunnedah,AU,2020-03-02 20:12:57,-30.98,150.25,69.8,83,100,8.05
154,Butaritari,KI,2020-03-02 20:12:39,3.07,172.79,82.58,78,100,22.59
155,Kiunga,PG,2020-03-02 20:12:58,-6.12,141.29,74.95,99,100,2.95
156,Rikitea,PF,2020-03-02 20:12:36,-23.12,-134.97,80.17,79,100,17.52
157,Cherskiy,RU,2020-03-02 20:12:56,68.75,161.3,-11.65,97,100,4.27
158,Ambovombe,MG,2020-03-02 20:12:58,-25.17,46.08,69.96,80,35,13.51
159,Atuona,PF,2020-03-02 20:12:55,-9.8,-139.03,82.04,76,30,14.94
160,Chuy,UY,2020-03-02 20:12:24,-33.7,-53.46,75.13,63,13,14.16
161,Butaritari,KI,2020-03-02 20:12:39,3.07,172.79,82.58,78,100,22.59
162,Kiama,AU,2020-03-02 20:12:59,-34.68,150.87,66.99,100,90,5.82
163,Norman Wells,CA,2020-03-02 20:12:35,65.28,-126.83,-11.2,76,90,8.05
164,Butaritari,KI,2020-03-02 20:12:39,3.07,172.79,82.58,78,100,22.59
165,Ahipara,NZ,2020-03-02 20:13:00,-35.17,173.17,70.0,100,85,10.69
166,Gamba,GA,2020-03-02 20:13:00,-2.65,10.0,80.15,86,8,7.43
167,Mairana,BO,2020-03-02 20:13:00,-18.12,-63.93,73.26,54,87,2.26
168,Alice Springs,AU,2020-03-02 20:13:01,-23.7,133.88,64.4,93,90,9.17
169,Kysyl-Syr,RU,2020-03-02 20:13:01,63.9,122.76,-11.92,99,100,3.8
170,Gizo,SB,2020-03-02 20:12:25,-8.1,156.84,80.08,81,0,0.69
171,Albany,US,2020-03-02 20:10:25,42.6,-73.97,59.0,32,40,18.34
172,Atuona,PF,2020-03-02 20:12:55,-9.8,-139.03,82.04,76,30,14.94
173,Ust-Maya,RU,2020-03-02 20:13:01,60.42,134.53,-7.11,99,100,2.26
174,Pevek,RU,2020-03-02 20:12:27,69.7,170.31,-7.89,98,100,9.37
175,Kruisfontein,ZA,2020-03-02 20:13:02,-34.0,24.73,63.64,96,0,0.51
176,Dikson,RU,2020-03-02 20:12:27,73.51,80.55,1.89,99,98,9.78
177,Rikitea,PF,2020-03-02 20:12:36,-23.12,-134.97,80.17,79,100,17.52
178,Pangnirtung,CA,2020-03-02 20:13:03,66.15,-65.71,-20.2,61,40,2.24
179,Bluff,NZ,2020-03-02 20:12:27,-46.6,168.33,55.99,90,100,11.99
180,Alekseyevsk,RU,2020-03-02 20:13:03,57.84,108.35,-2.36,99,38,2.42
181,Busselton,AU,2020-03-02 20:12:26,-33.65,115.33,59.0,47,0,15.43
182,La Ronge,CA,2020-03-02 20:13:03,55.1,-105.28,26.6,86,90,8.05
183,Sao Filipe,CV,2020-03-02 20:13:03,14.9,-24.5,76.93,47,0,17.58
184,Palmer,US,2020-03-02 20:12:28,42.16,-72.33,57.99,41,1,12.75
185,Atuona,PF,2020-03-02 20:12:55,-9.8,-139.03,82.04,76,30,14.94
186,Albany,US,2020-03-02 20:10:25,42.6,-73.97,59.0,32,40,18.34
187,Portland,US,2020-03-02 20:09:07,45.52,-122.68,46.99,70,90,12.75
188,Imbituba,BR,2020-03-02 20:13:04,-28.24,-48.67,78.8,61,20,14.99
189,Hithadhoo,MV,2020-03-02 20:13:05,-0.6,73.08,83.41,71,85,7.0
190,Kralendijk,BQ,2020-03-02 20:12:30,12.15,-68.27,84.2,58,75,17.22
191,Melchor De Mencos,GT,2020-03-02 20:13:05,17.07,-89.15,93.2,46,9,6.93
192,Nanortalik,GL,2020-03-02 20:13:05,60.14,-45.24,15.48,61,0,32.01
193,Bulawayo,ZW,2020-03-02 20:13:05,-20.15,28.58,63.16,84,100,8.39
194,Bluff,NZ,2020-03-02 20:12:27,-46.6,168.33,55.99,90,100,11.99
195,Kushmurun,KZ,2020-03-02 20:13:06,52.45,64.63,12.9,80,0,6.26
196,Ust-Tsilma,RU,2020-03-02 20:13:06,65.44,52.15,31.1,93,100,7.2
197,Qaanaaq,GL,2020-03-02 20:12:33,77.48,-69.36,-20.43,55,28,5.41
198,Faanui,PF,2020-03-02 20:13:07,-16.48,-151.75,83.35,72,72,10.69
199,Virginia Beach,US,2020-03-02 20:09:35,36.85,-75.98,69.01,24,1,16.11
200,Georgetown,MY,2020-03-02 20:12:36,5.41,100.34,82.4,83,20,3.8
201,Albany,US,2020-03-02 20:10:25,42.6,-73.97,59.0,32,40,18.34
202,Khatanga,RU,2020-03-02 20:13:07,71.97,102.5,12.69,84,100,8.63
203,Hamilton,US,2020-03-02 20:12:45,39.18,-84.53,52.0,87,90,4.7
204,Kodiak,US,2020-03-02 20:12:48,57.79,-152.41,28.4,42,1,14.99
205,Qaanaaq,GL,2020-03-02 20:12:33,77.48,-69.36,-20.43,55,28,5.41
206,Esperance,AU,2020-03-02 20:13:08,-33.87,121.9,59.0,77,75,6.93
207,Shelburne,CA,2020-03-02 20:13:09,44.08,-80.2,44.01,99,75,8.05
208,Red Bank,US,2020-03-02 20:13:09,40.35,-74.06,66.2,67,1,11.41
209,Karasuk,RU,2020-03-02 20:13:09,53.74,78.04,27.61,95,100,9.98
210,Itoman,JP,2020-03-02 20:13:09,26.12,127.67,62.6,88,53,5.82
211,Bluff,NZ,2020-03-02 20:12:27,-46.6,168.33,55.99,90,100,11.99
212,Goderich,CA,2020-03-02 20:13:10,43.75,-81.72,45.0,75,98,11.99
213,Atlantic Beach,US,2020-03-02 20:13:10,30.33,-81.4,78.01,53,40,12.75
214,Port Alfred,ZA,2020-03-02 20:12:36,-33.59,26.89,69.01,94,7,6.46
215,Vaini,TO,2020-03-02 20:12:37,-21.2,-175.2,78.8,88,20,6.93
216,Tilichiki,RU,2020-03-02 20:13:11,60.47,166.1,-3.66,68,0,5.88
217,Gamba,GA,2020-03-02 20:13:00,-2.65,10.0,80.15,86,8,7.43
218,Kieta,PG,2020-03-02 20:13:11,-6.22,155.63,82.24,76,94,4.25
219,Nakonde,ZM,2020-03-02 20:13:11,-9.34,32.74,65.17,95,98,3.0
220,Lebu,CL,2020-03-02 20:12:39,-37.62,-73.65,73.4,40,0,6.73
221,Bluff,NZ,2020-03-02 20:12:27,-46.6,168.33,55.99,90,100,11.99
222,Yar-Sale,RU,2020-03-02 20:13:12,66.83,70.83,14.25,89,44,15.17
223,Oranjemund,NA,2020-03-02 20:13:12,-28.55,16.43,66.07,85,13,1.97
224,Tasiilaq,GL,2020-03-02 20:13:12,65.61,-37.64,30.2,74,97,20.8
225,Isangel,VU,2020-03-02 20:13:13,-19.55,169.27,77.0,94,75,6.91
226,Narsaq,GL,2020-03-02 20:13:13,60.92,-46.05,5.0,42,20,4.7
227,Qaanaaq,GL,2020-03-02 20:12:33,77.48,-69.36,-20.43,55,28,5.41
228,Georgetown,MY,2020-03-02 20:12:36,5.41,100.34,82.4,83,20,3.8
229,Carnarvon,AU,2020-03-02 20:13:13,-24.87,113.63,80.6,74,0,10.29
230,Koumac,NC,2020-03-02 20:13:14,-20.57,164.28,78.22,78,74,4.27
231,Khatanga,RU,2020-03-02 20:13:07,71.97,102.5,12.69,84,100,8.63
232,Qaqortoq,GL,2020-03-02 20:13:14,60.72,-46.03,5.0,42,20,4.7
233,Dingle,PH,2020-03-02 20:12:53,11.0,122.67,71.35,91,85,10.16
234,Punta Arenas,CL,2020-03-02 20:12:26,-53.15,-70.92,62.6,63,75,25.28
235,Tuktoyaktuk,CA,2020-03-02 20:12:51,69.45,-133.04,-40.0,65,5,4.7
236,Albany,US,2020-03-02 20:10:25,42.6,-73.97,59.0,32,40,18.34
237,Ponnani,IN,2020-03-02 20:13:15,10.77,75.93,80.6,74,40,1.95
238,Mataura,NZ,2020-03-02 20:12:23,-46.19,168.86,55.99,90,100,11.99
239,Lasa,IT,2020-03-02 20:13:16,46.62,10.7,35.01,96,90,3.53
240,Faanui,PF,2020-03-02 20:13:07,-16.48,-151.75,83.35,72,72,10.69
241,Thompson,CA,2020-03-02 20:07:32,55.74,-97.86,15.8,66,75,4.7
242,Itoman,JP,2020-03-02 20:13:09,26.12,127.67,62.6,88,53,5.82
243,Cabo San Lucas,MX,2020-03-02 20:13:16,22.89,-109.91,82.0,34,40,14.99
244,Airai,TL,2020-03-02 20:13:17,-8.93,125.41,68.07,88,100,4.18
245,Cabra,ES,2020-03-02 20:13:17,37.47,-4.44,59.0,51,99,9.17
246,Port Lincoln,AU,2020-03-02 20:09:04,-34.73,135.87,59.63,75,97,16.55
247,Torbay,CA,2020-03-02 20:13:17,47.67,-52.73,27.0,86,75,26.4
248,Atuona,PF,2020-03-02 20:12:55,-9.8,-139.03,82.04,76,30,14.94
249,Mataura,NZ,2020-03-02 20:12:23,-46.19,168.86,55.99,90,100,11.99
250,New Norfolk,AU,2020-03-02 20:12:46,-42.78,147.06,55.4,54,75,8.05
251,Tuatapere,NZ,2020-03-02 20:13:18,-46.13,167.68,55.99,90,100,11.99
252,Ushuaia,AR,2020-03-02 20:09:40,-54.8,-68.3,59.0,50,40,4.7
253,New Norfolk,AU,2020-03-02 20:12:46,-42.78,147.06,55.4,54,75,8.05
254,Yellowknife,CA,2020-03-02 20:12:57,62.46,-114.35,0.0,70,75,13.87
255,Matagami,CA,2020-03-02 20:13:19,49.75,-77.63,35.6,74,90,10.29
256,Gravdal,NO,2020-03-02 20:13:19,68.12,13.5,26.6,67,0,6.93
257,Talnakh,RU,2020-03-02 20:13:19,69.49,88.4,15.8,92,40,15.66
258,Elbistan,TR,2020-03-02 20:13:19,38.21,37.2,24.8,58,25,0.29
259,Kapaa,US,2020-03-02 20:11:54,22.08,-159.32,77.0,61,40,3.36
260,Harqalah,TN,2020-03-02 20:13:20,36.03,10.51,64.99,72,40,12.75
261,Nuuk,GL,2020-03-02 20:10:46,64.18,-51.72,3.2,71,20,24.16
262,Porto Belo,BR,2020-03-02 20:13:20,-27.16,-48.55,78.8,73,20,10.29
263,Lata,PT,2020-03-02 20:13:20,40.16,-8.33,55.4,66,20,5.82
264,Punta Arenas,CL,2020-03-02 20:12:26,-53.15,-70.92,62.6,63,75,25.28
265,Samarai,PG,2020-03-02 20:13:21,-10.62,150.67,78.39,86,62,2.59
266,Cape Town,ZA,2020-03-02 20:13:21,-33.93,18.42,68.0,82,0,14.99
267,Mersing,MY,2020-03-02 20:13:21,2.43,103.84,78.8,88,100,5.82
268,Jamestown,US,2020-03-02 20:12:51,42.1,-79.24,48.2,93,90,13.87
269,Doha,QA,2020-03-02 20:10:53,25.29,51.53,66.2,68,0,11.41
270,Ushuaia,AR,2020-03-02 20:09:40,-54.8,-68.3,59.0,50,40,4.7
271,Rikitea,PF,2020-03-02 20:12:36,-23.12,-134.97,80.17,79,100,17.52
272,Nikolskoye,RU,2020-03-02 20:12:26,59.7,30.79,34.0,86,20,4.47
273,Butaritari,KI,2020-03-02 20:12:39,3.07,172.79,82.58,78,100,22.59
274,Samarai,PG,2020-03-02 20:13:21,-10.62,150.67,78.39,86,62,2.59
275,Tuktoyaktuk,CA,2020-03-02 20:12:51,69.45,-133.04,-40.0,65,5,4.7
276,Severo-Kurilsk,RU,2020-03-02 20:13:23,50.68,156.12,19.83,94,70,2.42
277,Arraial Do Cabo,BR,2020-03-02 20:12:25,-22.97,-42.03,71.6,94,90,9.17
278,Chuy,UY,2020-03-02 20:12:24,-33.7,-53.46,75.13,63,13,14.16
279,Saint George,US,2020-03-02 20:10:32,37.1,-113.58,55.0,34,1,6.93
280,Umm Lajj,SA,2020-03-02 20:13:23,25.02,37.27,65.37,54,0,4.41
281,Igrim,RU,2020-03-02 20:13:24,63.19,64.42,16.48,91,0,7.18
282,Nhulunbuy,AU,2020-03-02 20:13:24,-12.23,136.77,80.6,88,100,4.7
283,Albany,US,2020-03-02 20:10:25,42.6,-73.97,59.0,32,40,18.34
284,Thompson,CA,2020-03-02 20:07:32,55.74,-97.86,15.8,66,75,4.7
285,Tessalit,ML,2020-03-02 20:13:25,20.2,1.01,76.24,6,0,8.1
286,Yellowknife,CA,2020-03-02 20:12:57,62.46,-114.35,0.0,70,75,13.87
287,Mataura,NZ,2020-03-02 20:12:23,-46.19,168.86,55.99,90,100,11.99
288,Rikitea,PF,2020-03-02 20:12:36,-23.12,-134.97,80.17,79,100,17.52
289,Haines Junction,CA,2020-03-02 20:12:50,60.75,-137.51,22.93,86,10,25.95
290,Punta Arenas,CL,2020-03-02 20:12:26,-53.15,-70.92,62.6,63,75,25.28
291,Pozo Colorado,PY,2020-03-02 20:13:26,-23.49,-58.8,96.28,20,0,10.87
292,Mabaruma,GY,2020-03-02 20:13:26,8.2,-59.78,78.64,73,76,6.13
293,Mataura,NZ,2020-03-02 20:12:23,-46.19,168.86,55.99,90,100,11.99
294,East London,ZA,2020-03-02 20:13:27,-33.02,27.91,72.52,82,18,2.62
295,Castro,BR,2020-03-02 20:11:26,-24.79,-50.01,63.09,94,89,6.62
296,Sulangan,PH,2020-03-02 20:13:27,11.14,123.72,78.55,79,100,13.82
297,Bambous Virieux,MU,2020-03-02 20:13:27,-20.34,57.76,80.6,94,75,10.29
298,Karratha,AU,2020-03-02 20:13:27,-20.74,116.85,84.25,78,4,4.79
299,Taoudenni,ML,2020-03-02 20:13:28,22.68,-3.98,76.64,6,0,8.66
300,Cidreira,BR,2020-03-02 20:13:28,-30.18,-50.21,73.38,71,0,19.33
301,Sambava,MG,2020-03-02 20:13:28,-14.27,50.17,73.22,98,28,2.86
302,Salalah,OM,2020-03-02 20:13:28,17.02,54.09,75.2,69,0,3.36
303,Saurimo,AO,2020-03-02 20:13:28,-9.66,20.39,67.15,93,100,2.82
304,Yar-Sale,RU,2020-03-02 20:13:12,66.83,70.83,14.25,89,44,15.17
305,Vila Velha,BR,2020-03-02 20:13:29,-20.33,-40.29,78.8,78,75,11.41
306,Great Falls,US,2020-03-02 20:13:29,47.5,-111.3,48.99,26,40,24.16
307,Constitucion,CL,2020-03-02 20:12:23,-35.33,-72.42,62.29,75,67,6.55
308,Albany,US,2020-03-02 20:10:25,42.6,-73.97,59.0,32,40,18.34
309,Dunedin,NZ,2020-03-02 20:13:29,-45.87,170.5,64.99,71,100,3.0
310,Takoradi,GH,2020-03-02 20:13:30,4.88,-1.76,79.86,88,70,2.06
311,Kapaa,US,2020-03-02 20:11:54,22.08,-159.32,77.0,61,40,3.36
312,Bluff,NZ,2020-03-02 20:12:27,-46.6,168.33,55.99,90,100,11.99
313,Tasiilaq,GL,2020-03-02 20:13:12,65.61,-37.64,30.2,74,97,20.8
314,Busselton,AU,2020-03-02 20:12:26,-33.65,115.33,59.0,47,0,15.43
315,Christchurch,NZ,2020-03-02 20:11:55,-43.53,172.63,75.99,68,11,18.45
316,Rikitea,PF,2020-03-02 20:12:36,-23.12,-134.97,80.17,79,100,17.52
317,Gusau,NG,2020-03-02 20:13:31,12.16,6.66,82.4,17,0,9.51
318,Slonim,BY,2020-03-02 20:13:31,53.09,25.32,40.8,93,100,6.71
319,Ushuaia,AR,2020-03-02 20:09:40,-54.8,-68.3,59.0,50,40,4.7
320,Barrow,US,2020-03-02 20:13:32,71.29,-156.79,-36.4,95,40,6.93
321,Ushuaia,AR,2020-03-02 20:09:40,-54.8,-68.3,59.0,50,40,4.7
322,San Policarpo,PH,2020-03-02 20:13:32,12.18,125.51,77.77,83,83,11.18
323,Ushuaia,AR,2020-03-02 20:09:40,-54.8,-68.3,59.0,50,40,4.7
324,Tual,ID,2020-03-02 20:13:32,-5.67,132.75,83.52,74,100,6.04
325,Albany,US,2020-03-02 20:10:25,42.6,-73.97,59.0,32,40,18.34
326,Rikitea,PF,2020-03-02 20:12:36,-23.12,-134.97,80.17,79,100,17.52
327,Khatanga,RU,2020-03-02 20:13:07,71.97,102.5,12.69,84,100,8.63
328,Vaini,TO,2020-03-02 20:12:37,-21.2,-175.2,78.8,88,20,6.93
329,Roald,NO,2020-03-02 20:13:33,62.58,6.13,39.99,80,100,11.41
330,Kavaratti,IN,2020-03-02 20:13:34,10.57,72.64,82.42,70,37,4.36
331,Mahebourg,MU,2020-03-02 20:13:34,-20.41,57.7,80.6,94,75,10.29
332,Bredasdorp,ZA,2020-03-02 20:13:34,-34.53,20.04,70.0,82,40,3.36
333,Dwarka,IN,2020-03-02 20:13:34,22.24,68.97,75.29,75,0,14.2
334,Yima,CN,2020-03-02 20:13:35,34.74,111.88,43.43,63,99,5.86
335,San Marcos,US,2020-03-02 20:10:43,33.14,-117.17,66.2,54,75,4.7
336,Victoria,HK,2020-03-02 20:10:27,22.29,114.16,68.0,77,40,16.11
337,Punta Arenas,CL,2020-03-02 20:12:26,-53.15,-70.92,62.6,63,75,25.28
338,Ntungamo,UG,2020-03-02 20:13:35,-0.88,29.65,65.89,87,100,2.8
339,Marrakesh,MA,2020-03-02 20:10:03,31.63,-8.01,71.6,35,0,4.7
340,Udachnyy,RU,2020-03-02 20:13:36,66.42,112.4,10.4,72,100,11.18
341,Kaitangata,NZ,2020-03-02 20:13:36,-46.28,169.85,64.99,72,100,3.0
342,Jamestown,US,2020-03-02 20:12:51,42.1,-79.24,48.2,93,90,13.87
343,Mar Del Plata,AR,2020-03-02 20:08:55,-38.0,-57.56,84.2,66,20,10.29
344,Kapaa,US,2020-03-02 20:11:54,22.08,-159.32,77.0,61,40,3.36
345,Yellowknife,CA,2020-03-02 20:12:57,62.46,-114.35,0.0,70,75,13.87
346,Cabo San Lucas,MX,2020-03-02 20:13:16,22.89,-109.91,82.0,34,40,14.99
347,Dikson,RU,2020-03-02 20:12:27,73.51,80.55,1.89,99,98,9.78
348,Grand Gaube,MU,2020-03-02 20:13:38,-20.01,57.66,80.6,94,75,10.29
349,Monmouth,US,2020-03-02 20:13:38,40.3,-74.17,66.2,67,1,23.04
350,Bredasdorp,ZA,2020-03-02 20:13:34,-34.53,20.04,70.0,82,40,3.36
351,Vaini,TO,2020-03-02 20:12:37,-21.2,-175.2,78.8,88,20,6.93
352,Busselton,AU,2020-03-02 20:12:26,-33.65,115.33,59.0,47,0,15.43
353,Sao Joao Da Barra,BR,2020-03-02 20:13:39,-21.64,-41.05,73.4,94,90,11.41
354,Jamestown,US,2020-03-02 20:12:51,42.1,-79.24,48.2,93,90,13.87
355,Ushuaia,AR,2020-03-02 20:09:40,-54.8,-68.3,59.0,50,40,4.7
356,Ushuaia,AR,2020-03-02 20:09:40,-54.8,-68.3,59.0,50,40,4.7
357,Vaini,TO,2020-03-02 20:12:37,-21.2,-175.2,78.8,88,20,6.93
358,Hilo,US,2020-03-02 20:12:47,19.73,-155.09,77.0,65,1,3.36
359,Ushuaia,AR,2020-03-02 20:09:40,-54.8,-68.3,59.0,50,40,4.7
360,Bukachacha,RU,2020-03-02 20:13:40,52.98,116.92,-0.67,94,73,2.48
361,Saskylakh,RU,2020-03-02 20:12:28,71.92,114.08,13.35,84,100,13.33
362,Bolgatanga,GH,2020-03-02 20:13:41,10.79,-0.85,86.61,10,3,6.55
363,Gloversville,US,2020-03-02 20:13:41,43.05,-74.34,57.0,34,1,9.17
364,Gamba,GA,2020-03-02 20:13:00,-2.65,10.0,80.15,86,8,7.43
365,Punta Arenas,CL,2020-03-02 20:12:26,-53.15,-70.92,62.6,63,75,25.28
366,Hermanus,ZA,2020-03-02 20:13:42,-34.42,19.23,70.0,85,0,5.01
367,Mataura,NZ,2020-03-02 20:12:23,-46.19,168.86,55.99,90,100,11.99
368,Chokurdakh,RU,2020-03-02 20:13:42,70.63,147.92,-2.56,81,58,15.9
369,Hermanus,ZA,2020-03-02 20:13:42,-34.42,19.23,70.0,85,0,5.01
370,Anadyr,RU,2020-03-02 20:13:43,64.75,177.48,-7.01,76,0,6.71
371,Santa Maria,BR,2020-03-02 20:13:43,-29.68,-53.81,86.0,42,40,11.41
372,Dingle,PH,2020-03-02 20:12:53,11.0,122.67,71.35,91,85,10.16
373,Saint-Philippe,RE,2020-03-02 20:12:33,-21.36,55.77,80.6,94,96,13.87
374,Ushuaia,AR,2020-03-02 20:09:40,-54.8,-68.3,59.0,50,40,4.7
375,Bluff,NZ,2020-03-02 20:12:27,-46.6,168.33,55.99,90,100,11.99
376,Bluff,NZ,2020-03-02 20:12:27,-46.6,168.33,55.99,90,100,11.99
377,Luau,AO,2020-03-02 20:13:44,-10.71,22.22,67.26,95,99,3.11
378,Pitimbu,BR,2020-03-02 20:13:44,-7.47,-34.81,86.0,62,40,11.41
379,Avarua,CK,2020-03-02 20:12:32,-21.21,-159.78,82.4,88,0,4.7
380,Bethel,US,2020-03-02 20:09:25,41.37,-73.41,59.0,37,1,10.29
381,Longyearbyen,SJ,2020-03-02 20:13:45,78.22,15.64,-2.2,64,75,9.17
382,Hithadhoo,MV,2020-03-02 20:13:05,-0.6,73.08,83.41,71,85,7.0
383,Paita,PE,2020-03-02 20:13:45,-5.09,-81.11,62.6,100,6,14.99
384,Catamarca,AR,2020-03-02 20:13:45,-28.47,-65.79,67.06,59,86,3.62
385,Feicheng,CN,2020-03-02 20:13:46,35.26,117.97,33.03,87,53,4.0
386,Port Macquarie,AU,2020-03-02 20:13:46,-31.43,152.92,73.4,78,90,9.17
387,Albany,US,2020-03-02 20:10:25,42.6,-73.97,59.0,32,40,18.34
388,Bambous Virieux,MU,2020-03-02 20:13:27,-20.34,57.76,80.6,94,75,10.29
389,Ushuaia,AR,2020-03-02 20:09:40,-54.8,-68.3,59.0,50,40,4.7
390,Vaini,TO,2020-03-02 20:12:37,-21.2,-175.2,78.8,88,20,6.93
391,Barrow,US,2020-03-02 20:13:32,71.29,-156.79,-36.4,95,40,6.93
392,Finneytown,US,2020-03-02 20:13:47,39.2,-84.52,52.0,87,90,4.7
393,Sechura,PE,2020-03-02 20:13:47,-5.56,-80.82,75.38,84,20,20.62
394,Harlingen,US,2020-03-02 20:13:47,26.19,-97.7,89.01,45,1,14.99
395,Arlit,NE,2020-03-02 20:13:48,18.74,7.39,79.48,8,0,9.48
396,Zanjan,IR,2020-03-02 20:13:48,36.67,48.48,25.63,95,100,8.68
397,Constitucion,CL,2020-03-02 20:12:23,-35.33,-72.42,62.29,75,67,6.55
398,Busselton,AU,2020-03-02 20:12:26,-33.65,115.33,59.0,47,0,15.43
399,Kalety,PL,2020-03-02 20:13:48,50.56,18.89,42.01,86,35,4.7
400,Bengkulu,ID,2020-03-02 20:13:48,-3.8,102.27,74.75,90,100,3.76
401,Vaini,TO,2020-03-02 20:12:37,-21.2,-175.2,78.8,88,20,6.93
402,Swanzey,US,2020-03-02 20:13:49,42.87,-72.28,59.0,48,20,12.75
403,San Patricio,MX,2020-03-02 20:12:35,19.22,-104.7,84.2,66,5,11.41
404,Guiyang,CN,2020-03-02 20:13:49,26.58,106.72,42.8,93,90,8.95
405,Iqaluit,CA,2020-03-02 20:13:49,63.75,-68.51,-9.0,69,75,12.19
406,Busselton,AU,2020-03-02 20:12:26,-33.65,115.33,59.0,47,0,15.43
407,Anamur,TR,2020-03-02 20:13:50,36.08,32.84,50.0,93,0,4.7
408,Saldanha,ZA,2020-03-02 20:13:50,-33.01,17.94,64.4,77,0,4.7
409,Paamiut,GL,2020-03-02 20:12:39,61.99,-49.67,-3.6,62,0,14.56
410,Punta Arenas,CL,2020-03-02 20:12:26,-53.15,-70.92,62.6,63,75,25.28
411,Albany,US,2020-03-02 20:10:25,42.6,-73.97,59.0,32,40,18.34
412,Kavieng,PG,2020-03-02 20:13:51,-2.57,150.8,85.21,73,100,7.36
413,Fukue,JP,2020-03-02 20:13:51,32.69,128.84,50.0,66,100,12.75
414,Pevek,RU,2020-03-02 20:12:27,69.7,170.31,-7.89,98,100,9.37
415,Butaritari,KI,2020-03-02 20:12:39,3.07,172.79,82.58,78,100,22.59
416,Pakxan,LA,2020-03-02 20:13:52,18.38,103.66,68.72,77,78,3.42
417,Cherskiy,RU,2020-03-02 20:12:56,68.75,161.3,-11.65,97,100,4.27
418,Ostrovnoy,RU,2020-03-02 20:13:52,68.05,39.51,7.48,94,91,20.29
419,Albany,US,2020-03-02 20:10:25,42.6,-73.97,59.0,32,40,18.34
420,Ushuaia,AR,2020-03-02 20:09:40,-54.8,-68.3,59.0,50,40,4.7
421,Vila,PT,2020-03-02 20:13:52,42.03,-8.16,54.0,100,75,10.29
422,Yellowknife,CA,2020-03-02 20:12:57,62.46,-114.35,0.0,70,75,13.87
423,Kapaa,US,2020-03-02 20:11:54,22.08,-159.32,77.0,61,40,3.36
424,Longyearbyen,SJ,2020-03-02 20:13:45,78.22,15.64,-2.2,64,75,9.17
425,Esperance,AU,2020-03-02 20:13:08,-33.87,121.9,59.0,77,75,6.93
426,Saskylakh,RU,2020-03-02 20:12:28,71.92,114.08,13.35,84,100,13.33
427,Romny,UA,2020-03-02 20:13:54,50.75,33.47,40.32,74,100,16.96
428,Pevek,RU,2020-03-02 20:12:27,69.7,170.31,-7.89,98,100,9.37
429,Moyale,KE,2020-03-02 20:13:54,3.52,39.06,79.92,38,100,5.28
430,Puerto Gaitan,CO,2020-03-02 20:13:54,4.31,-72.08,99.18,28,31,11.43
431,Busselton,AU,2020-03-02 20:12:26,-33.65,115.33,59.0,47,0,15.43
432,Nikolskoye,RU,2020-03-02 20:12:26,59.7,30.79,34.0,86,20,4.47
433,San Patricio,MX,2020-03-02 20:12:35,19.22,-104.7,84.2,66,5,11.41
434,Bluff,NZ,2020-03-02 20:12:27,-46.6,168.33,55.99,90,100,11.99
435,Carnarvon,AU,2020-03-02 20:13:13,-24.87,113.63,80.6,74,0,10.29
436,Albany,US,2020-03-02 20:10:25,42.6,-73.97,59.0,32,40,18.34
437,Stawell,AU,2020-03-02 20:13:56,-37.05,142.77,50.88,77,75,12.97
438,Hobart,AU,2020-03-02 20:12:27,-42.88,147.33,55.4,54,75,8.05
439,Port Lincoln,AU,2020-03-02 20:09:04,-34.73,135.87,59.63,75,97,16.55
440,Vaini,TO,2020-03-02 20:12:37,-21.2,-175.2,78.8,88,20,6.93
441,Castro,BR,2020-03-02 20:11:26,-24.79,-50.01,63.09,94,89,6.62
442,Vaini,TO,2020-03-02 20:12:37,-21.2,-175.2,78.8,88,20,6.93
443,Port Blair,IN,2020-03-02 20:09:53,11.67,92.75,80.04,70,53,6.96
444,Tambun,ID,2020-03-02 20:13:57,-6.26,107.07,80.6,88,20,2.24
445,Vaini,TO,2020-03-02 20:12:37,-21.2,-175.2,78.8,88,20,6.93
446,Bredasdorp,ZA,2020-03-02 20:13:34,-34.53,20.04,70.0,82,40,3.36
447,Qaanaaq,GL,2020-03-02 20:12:33,77.48,-69.36,-20.43,55,28,5.41
448,Hermanus,ZA,2020-03-02 20:13:42,-34.42,19.23,70.0,85,0,5.01
449,Cape Town,ZA,2020-03-02 20:13:21,-33.93,18.42,68.0,82,0,14.99
450,Mataura,NZ,2020-03-02 20:12:23,-46.19,168.86,55.99,90,100,11.99
451,Albany,US,2020-03-02 20:10:25,42.6,-73.97,59.0,32,40,18.34
452,Tuktoyaktuk,CA,2020-03-02 20:12:51,69.45,-133.04,-40.0,65,5,4.7
453,Bubaque,GW,2020-03-02 20:13:59,11.28,-15.83,81.1,75,0,11.48
454,Daru,PG,2020-03-02 20:13:59,-9.08,143.21,78.35,90,6,2.66
455,Nikolskoye,RU,2020-03-02 20:12:26,59.7,30.79,34.0,86,20,4.47
456,Narsaq,GL,2020-03-02 20:13:13,60.92,-46.05,5.0,42,20,4.7
457,Hilo,US,2020-03-02 20:12:47,19.73,-155.09,77.0,65,1,3.36
458,Christiana,ZA,2020-03-02 20:14:00,-27.91,25.16,69.22,48,28,5.12
459,Quang Ngai,VN,2020-03-02 20:14:00,15.12,108.8,72.77,87,45,4.7
460,Xinxiang,CN,2020-03-02 20:14:00,35.31,113.87,41.09,68,100,3.44
461,Kapaa,US,2020-03-02 20:11:54,22.08,-159.32,77.0,61,40,3.36
462,Punta Arenas,CL,2020-03-02 20:12:26,-53.15,-70.92,62.6,63,75,25.28
463,Patrocinio,BR,2020-03-02 20:14:01,-18.94,-46.99,73.0,39,46,1.01
464,Nanortalik,GL,2020-03-02 20:13:05,60.14,-45.24,15.48,61,0,32.01
465,Ugoofaaru,MV,2020-03-02 20:14:01,5.67,73.0,81.68,76,20,11.01
466,Vaini,TO,2020-03-02 20:12:37,-21.2,-175.2,78.8,88,20,6.93
467,Punta Arenas,CL,2020-03-02 20:12:26,-53.15,-70.92,62.6,63,75,25.28
468,Fortuna,US,2020-03-02 20:14:02,40.6,-124.16,59.0,66,1,23.04
469,Vao,NC,2020-03-02 20:14:02,-22.67,167.48,79.11,74,100,8.77
470,Ushuaia,AR,2020-03-02 20:09:40,-54.8,-68.3,59.0,50,40,4.7
471,Iqaluit,CA,2020-03-02 20:13:49,63.75,-68.51,-9.0,69,75,12.19
472,Mao,ES,2020-03-02 20:14:02,39.89,4.27,55.4,54,5,17.22
473,Busselton,AU,2020-03-02 20:12:26,-33.65,115.33,59.0,47,0,15.43
474,Lebu,CL,2020-03-02 20:12:39,-37.62,-73.65,73.4,40,0,6.73
475,Ushuaia,AR,2020-03-02 20:09:40,-54.8,-68.3,59.0,50,40,4.7
476,Hilo,US,2020-03-02 20:12:47,19.73,-155.09,77.0,65,1,3.36
477,Cherskiy,RU,2020-03-02 20:12:56,68.75,161.3,-11.65,97,100,4.27
478,Meadow Lake,US,2020-03-02 20:14:03,34.8,-106.54,61.0,23,40,5.82
479,Severo-Kurilsk,RU,2020-03-02 20:13:23,50.68,156.12,19.83,94,70,2.42
480,Qaanaaq,GL,2020-03-02 20:12:33,77.48,-69.36,-20.43,55,28,5.41
481,Salalah,OM,2020-03-02 20:13:28,17.02,54.09,75.2,69,0,3.36
482,Funtua,NG,2020-03-02 20:14:04,11.52,7.31,77.94,17,0,8.7
483,Puerto Ayora,EC,2020-03-02 20:14:05,-0.74,-90.35,86.0,62,20,11.41
484,Bluff,NZ,2020-03-02 20:12:27,-46.6,168.33,55.99,90,100,11.99
485,Bredasdorp,ZA,2020-03-02 20:13:34,-34.53,20.04,70.0,82,40,3.36
486,Rikitea,PF,2020-03-02 20:12:36,-23.12,-134.97,80.17,79,100,17.52
487,Galle,LK,2020-03-02 20:14:05,6.04,80.22,79.99,79,41,8.14
488,Margate,GB,2020-03-02 20:14:06,51.38,1.39,42.01,65,0,5.82
489,Champerico,GT,2020-03-02 20:14:06,14.3,-91.92,91.4,52,40,6.93
490,Hobart,AU,2020-03-02 20:12:27,-42.88,147.33,55.4,54,75,8.05
491,Ushuaia,AR,2020-03-02 20:09:40,-54.8,-68.3,59.0,50,40,4.7
492,Todos Santos,MX,2020-03-02 20:14:06,23.45,-110.22,82.0,36,75,8.05
493,Albany,US,2020-03-02 20:10:25,42.6,-73.97,59.0,32,40,18.34
494,Hithadhoo,MV,2020-03-02 20:13:05,-0.6,73.08,83.41,71,85,7.0
495,Bluff,NZ,2020-03-02 20:12:27,-46.6,168.33,55.99,90,100,11.99
496,New Norfolk,AU,2020-03-02 20:12:46,-42.78,147.06,55.4,54,75,8.05
497,Fairbanks,US,2020-03-02 20:10:20,64.84,-147.72,-0.99,76,75,5.82
498,Kismayo,SO,2020-03-02 20:14:08,-0.36,42.55,80.55,82,92,13.31
499,Marzuq,YE,2020-03-02 20:14:08,14.4,46.47,67.55,63,0,4.88
500,Yellowknife,CA,2020-03-02 20:12:57,62.46,-114.35,0.0,70,75,13.87
501,Peniche,PT,2020-03-02 20:14:08,39.36,-9.38,57.0,71,20,4.7
502,Tagusao,PH,2020-03-02 20:14:09,9.19,117.81,73.29,86,73,3.6
503,Codrington,AU,2020-03-02 20:12:39,-38.27,141.97,58.68,75,100,15.37
504,Kruisfontein,ZA,2020-03-02 20:13:02,-34.0,24.73,63.64,96,0,0.51
505,Atar,MR,2020-03-02 20:14:09,20.52,-13.05,73.71,12,0,7.43
506,Nikolskoye,RU,2020-03-02 20:12:26,59.7,30.79,34.0,86,20,4.47
507,Vitim,RU,2020-03-02 20:12:04,59.45,112.56,0.41,98,92,3.74
508,Hilo,US,2020-03-02 20:12:47,19.73,-155.09,77.0,65,1,3.36
509,Valparaiso,CL,2020-03-02 20:14:10,-33.04,-71.63,62.6,77,75,6.93
510,Lilongwe,MW,2020-03-02 20:14:10,-13.97,33.79,63.3,95,99,2.84
511,Ilulissat,GL,2020-03-02 20:12:47,69.22,-51.1,-16.6,51,20,3.36
512,Santiago Del Estero,AR,2020-03-02 20:14:11,-27.8,-64.26,91.71,25,3,9.62
513,Hobart,AU,2020-03-02 20:12:27,-42.88,147.33,55.4,54,75,8.05
514,Manjeshwar,IN,2020-03-02 20:14:11,12.72,74.89,80.6,78,75,3.67
515,Neryungri,RU,2020-03-02 20:14:11,56.67,124.65,-10.03,97,100,3.51
516,Portland,US,2020-03-02 20:09:07,45.52,-122.68,46.99,70,90,12.75
517,Vaini,TO,2020-03-02 20:12:37,-21.2,-175.2,78.8,88,20,6.93
518,Gewane,ET,2020-03-02 20:14:12,10.17,40.65,79.79,34,0,1.97
519,Kapaa,US,2020-03-02 20:11:54,22.08,-159.32,77.0,61,40,3.36
520,Port Alfred,ZA,2020-03-02 20:12:36,-33.59,26.89,69.01,94,7,6.46
521,Punta Arenas,CL,2020-03-02 20:12:26,-53.15,-70.92,62.6,63,75,25.28
522,Pokhara,NP,2020-03-02 20:14:13,28.23,83.98,55.13,64,0,2.95
523,Cape Town,ZA,2020-03-02 20:13:21,-33.93,18.42,68.0,82,0,14.99
524,King City,US,2020-03-02 20:14:13,36.21,-121.13,64.99,20,1,8.05
525,Avarua,CK,2020-03-02 20:12:32,-21.21,-159.78,82.4,88,0,4.7
526,Hilo,US,2020-03-02 20:12:47,19.73,-155.09,77.0,65,1,3.36
527,Cristalina,BR,2020-03-02 20:13:48,-16.77,-47.61,68.52,95,94,7.72
528,Turaiyur,IN,2020-03-02 20:14:14,11.17,78.62,78.8,83,20,4.7
529,Fortuna,US,2020-03-02 20:14:02,40.6,-124.16,59.0,66,1,23.04
530,Ushuaia,AR,2020-03-02 20:09:40,-54.8,-68.3,59.0,50,40,4.7
531,Tuatapere,NZ,2020-03-02 20:13:18,-46.13,167.68,55.99,90,100,11.99
532,Longyearbyen,SJ,2020-03-02 20:13:45,78.22,15.64,-2.2,64,75,9.17
533,Busselton,AU,2020-03-02 20:12:26,-33.65,115.33,59.0,47,0,15.43
534,Thompson,CA,2020-03-02 20:07:32,55.74,-97.86,15.8,66,75,4.7
535,Pemba,MZ,2020-03-02 20:14:15,-12.97,40.52,80.6,83,75,14.99
536,Atuona,PF,2020-03-02 20:12:55,-9.8,-139.03,82.04,76,30,14.94
537,Hilo,US,2020-03-02 20:12:47,19.73,-155.09,77.0,65,1,3.36
538,Thompson,CA,2020-03-02 20:07:32,55.74,-97.86,15.8,66,75,4.7
539,Hermanus,ZA,2020-03-02 20:13:42,-34.42,19.23,70.0,85,0,5.01
540,Port Elizabeth,ZA,2020-03-02 20:12:40,-33.92,25.57,68.0,94,75,3.36
541,Jalu,LY,2020-03-02 20:14:17,29.03,21.55,65.93,28,0,9.1
542,Barrow,US,2020-03-02 20:13:32,71.29,-156.79,-36.4,95,40,6.93
543,Roma,US,2020-03-02 20:13:56,43.21,-75.46,55.4,60,90,10.29
544,Pangai,TO,2020-03-02 20:14:17,-19.8,-174.35,82.4,74,20,4.7
545,Puerto Ayora,EC,2020-03-02 20:14:05,-0.74,-90.35,86.0,62,20,11.41
546,Cape Town,ZA,2020-03-02 20:13:21,-33.93,18.42,68.0,82,0,14.99
547,Bredasdorp,ZA,2020-03-02 20:13:34,-34.53,20.04,70.0,82,40,3.36
548,Nakhon Luang,TH,2020-03-02 20:14:18,14.46,100.61,82.99,83,20,5.82
549,Cape Town,ZA,2020-03-02 20:13:21,-33.93,18.42,68.0,82,0,14.99
550,Alofi,NU,2020-03-02 20:14:19,-19.06,-169.92,78.8,94,12,2.24
551,Severo-Kurilsk,RU,2020-03-02 20:13:23,50.68,156.12,19.83,94,70,2.42
552,Aklavik,CA,2020-03-02 20:14:19,68.22,-135.01,-25.6,60,75,6.93
553,Meadow Lake,US,2020-03-02 20:14:03,34.8,-106.54,61.0,23,40,5.82
554,Naze,JP,2020-03-02 20:14:19,28.37,129.48,60.8,72,40,5.82
555,Acarau,BR,2020-03-02 20:14:20,-2.89,-40.12,78.21,85,100,4.05
556,Mataura,NZ,2020-03-02 20:12:23,-46.19,168.86,55.99,90,100,11.99
557,General Roca,AR,2020-03-02 20:14:20,-39.03,-67.58,96.8,28,0,11.3
558,Vila Velha,BR,2020-03-02 20:13:29,-20.33,-40.29,78.8,78,75,11.41
559,Cape Town,ZA,2020-03-02 20:13:21,-33.93,18.42,68.0,82,0,14.99
560,Barrow,US,2020-03-02 20:13:32,71.29,-156.79,-36.4,95,40,6.93
561,Mehamn,NO,2020-03-02 20:12:50,71.04,27.85,32.0,63,40,23.04
562,Male,MV,2020-03-02 20:13:49,4.17,73.51,84.2,79,75,11.41
563,Flinders,AU,2020-03-02 20:14:21,-34.58,150.86,66.99,100,90,5.82
564,Norway,US,2020-03-02 20:09:29,45.79,-87.9,42.01,51,1,11.41
565,Wajima,JP,2020-03-02 20:14:22,37.4,136.9,43.39,71,100,15.05
566,Yellowknife,CA,2020-03-02 20:12:57,62.46,-114.35,0.0,70,75,13.87
567,Anzio,IT,2020-03-02 20:14:22,41.49,12.62,59.0,87,40,20.8
568,Rocha,UY,2020-03-02 20:14:22,-34.48,-54.33,78.91,50,0,15.82
569,Honningsvag,NO,2020-03-02 20:14:23,70.98,25.97,30.2,63,40,23.04
570,Constitucion,CL,2020-03-02 20:12:23,-35.33,-72.42,62.29,75,67,6.55
571,Thunder Bay,CA,2020-03-02 20:10:14,48.4,-89.32,35.01,54,75,11.41
572,Norman Wells,CA,2020-03-02 20:12:35,65.28,-126.83,-11.2,76,90,8.05
573,Beringovskiy,RU,2020-03-02 20:14:23,63.05,179.32,4.57,68,13,14.12
574,Kupang,ID,2020-03-02 20:14:24,-10.17,123.58,84.33,80,100,13.42
575,Mataura,NZ,2020-03-02 20:12:23,-46.19,168.86,55.99,90,100,11.99
576,Tiksi,RU,2020-03-02 20:14:24,71.69,128.87,7.95,70,100,44.45
577,Dingle,PH,2020-03-02 20:12:53,11.0,122.67,71.35,91,85,10.16
578,Puerto Ayora,EC,2020-03-02 20:14:05,-0.74,-90.35,86.0,62,20,11.41
579,Mataura,NZ,2020-03-02 20:12:23,-46.19,168.86,55.99,90,100,11.99
580,Mahebourg,MU,2020-03-02 20:13:34,-20.41,57.7,80.6,94,75,10.29
581,Hithadhoo,MV,2020-03-02 20:13:05,-0.6,73.08,83.41,71,85,7.0
582,Ushuaia,AR,2020-03-02 20:09:40,-54.8,-68.3,59.0,50,40,4.7
583,Labuhan,ID,2020-03-02 20:14:25,-6.88,112.21,74.23,94,100,5.64
584,College,US,2020-03-02 20:14:26,64.86,-147.8,-0.99,76,75,5.82
585,Hemnesberget,NO,2020-03-02 20:14:26,66.23,13.63,26.6,66,100,2.24
586,Puerto Del Rosario,ES,2020-03-02 20:14:26,28.5,-13.86,66.2,82,20,13.87
587,Albany,US,2020-03-02 20:10:25,42.6,-73.97,59.0,32,40,18.34
588,Vardo,NO,2020-03-02 20:14:26,70.37,31.11,32.0,77,20,21.92
589,Mataura,NZ,2020-03-02 20:12:23,-46.19,168.86,55.99,90,100,11.99
590,Kahului,US,2020-03-02 20:11:27,20.89,-156.47,73.4,78,20,14.99
591,Punta Arenas,CL,2020-03-02 20:12:26,-53.15,-70.92,62.6,63,75,25.28
592,Bredasdorp,ZA,2020-03-02 20:13:34,-34.53,20.04,70.0,82,40,3.36
593,Cabo San Lucas,MX,2020-03-02 20:13:16,22.89,-109.91,82.0,34,40,14.99
594,Busselton,AU,2020-03-02 20:12:26,-33.65,115.33,59.0,47,0,15.43
595,Waingapu,ID,2020-03-02 20:14:28,-9.66,120.26,84.18,73,100,7.02
596,Southbridge,US,2020-03-02 20:14:28,42.08,-72.03,57.99,43,1,16.11
597,Rikitea,PF,2020-03-02 20:12:36,-23.12,-134.97,80.17,79,100,17.52
598,Ushuaia,AR,2020-03-02 20:09:40,-54.8,-68.3,59.0,50,40,4.7
599,Barrow,US,2020-03-02 20:13:32,71.29,-156.79,-36.4,95,40,6.93
600,Sisimiut,GL,2020-03-02 20:14:29,66.94,-53.67,-18.33,82,0,5.01
601,Nikolskoye,RU,2020-03-02 20:12:26,59.7,30.79,34.0,86,20,4.47
602,Chuy,UY,2020-03-02 20:12:24,-33.7,-53.46,75.13,63,13,14.16
603,Port Lincoln,AU,2020-03-02 20:09:04,-34.73,135.87,59.63,75,97,16.55
604,Vila Franca Do Campo,PT,2020-03-02 20:12:39,37.72,-25.43,62.6,88,20,12.75
605,Mount Gambier,AU,2020-03-02 20:14:30,-37.83,140.77,51.8,93,90,5.88
606,New Norfolk,AU,2020-03-02 20:12:46,-42.78,147.06,55.4,54,75,8.05
607,Naze,JP,2020-03-02 20:14:19,28.37,129.48,60.8,72,40,5.82
608,Youghal,IE,2020-03-02 20:14:30,51.95,-7.85,42.01,80,20,11.41
609,Narsaq,GL,2020-03-02 20:13:13,60.92,-46.05,5.0,42,20,4.7
610,Saint-Philippe,RE,2020-03-02 20:12:33,-21.36,55.77,80.6,94,96,13.87
611,Itoman,JP,2020-03-02 20:13:09,26.12,127.67,62.6,88,53,5.82
612,Bereda,ES,2020-03-02 20:14:31,43.27,-7.54,51.01,76,40,9.17
613,Punta Arenas,CL,2020-03-02 20:12:26,-53.15,-70.92,62.6,63,75,25.28
614,Atuona,PF,2020-03-02 20:12:55,-9.8,-139.03,82.04,76,30,14.94
615,Pisco,PE,2020-03-02 20:10:57,-13.7,-76.22,77.0,30,58,13.87
616,Puerto Ayora,EC,2020-03-02 20:14:05,-0.74,-90.35,86.0,62,20,11.41
617,Mahanoro,MG,2020-03-02 20:14:32,-19.9,48.8,79.07,83,53,21.39
618,Reconquista,AR,2020-03-02 20:14:32,-29.15,-59.65,94.98,17,0,8.63
619,Tasiilaq,GL,2020-03-02 20:13:12,65.61,-37.64,30.2,74,97,20.8
620,Bubaque,GW,2020-03-02 20:13:59,11.28,-15.83,81.1,75,0,11.48
621,Bambous Virieux,MU,2020-03-02 20:13:27,-20.34,57.76,80.6,94,75,10.29
622,Bethel,US,2020-03-02 20:09:25,41.37,-73.41,59.0,37,1,10.29
623,Lasa,IT,2020-03-02 20:13:16,46.62,10.7,35.01,96,90,3.53
624,Mataura,NZ,2020-03-02 20:12:23,-46.19,168.86,55.99,90,100,11.99
625,Tuktoyaktuk,CA,2020-03-02 20:12:51,69.45,-133.04,-40.0,65,5,4.7
626,Klaksvik,FO,2020-03-02 20:14:34,62.23,-6.59,33.8,86,100,11.41
627,Kangasala,FI,2020-03-02 20:14:34,61.46,24.08,35.6,100,75,5.82
628,Ulety,RU,2020-03-02 20:12:04,51.36,112.48,2.82,90,28,3.42
629,Chauk,MM,2020-03-02 20:14:35,20.88,94.82,65.89,30,27,8.68
630,Pevek,RU,2020-03-02 20:12:27,69.7,170.31,-7.89,98,100,9.37
631,Pevek,RU,2020-03-02 20:12:27,69.7,170.31,-7.89,98,100,9.37
632,Sao Joao Da Barra,BR,2020-03-02 20:13:39,-21.64,-41.05,73.4,94,90,11.41
633,Castro,BR,2020-03-02 20:11:26,-24.79,-50.01,63.09,94,89,6.62
634,Cidreira,BR,2020-03-02 20:13:28,-30.18,-50.21,73.38,71,0,19.33
635,Sao Filipe,CV,2020-03-02 20:13:03,14.9,-24.5,76.93,47,0,17.58
636,Santa Rosa,PH,2020-03-02 20:14:36,14.31,121.11,78.8,74,20,8.05
637,East London,ZA,2020-03-02 20:13:27,-33.02,27.91,72.52,82,18,2.62
638,Sovetskiy,RU,2020-03-02 20:14:37,61.36,63.58,18.37,94,88,5.53
639,Yellowknife,CA,2020-03-02 20:12:57,62.46,-114.35,0.0,70,75,13.87
640,Busselton,AU,2020-03-02 20:12:26,-33.65,115.33,59.0,47,0,15.43
641,Gamba,GA,2020-03-02 20:13:00,-2.65,10.0,80.15,86,8,7.43
642,Ribeira Grande,PT,2020-03-02 20:14:38,38.52,-28.7,62.6,93,20,18.34
643,Mataura,NZ,2020-03-02 20:12:23,-46.19,168.86,55.99,90,100,11.99
644,Springhill,US,2020-03-02 20:14:10,33.01,-93.47,75.0,64,1,14.99
645,Ushuaia,AR,2020-03-02 20:09:40,-54.8,-68.3,59.0,50,40,4.7
646,Port Hedland,AU,2020-03-02 20:13:58,-20.32,118.57,78.8,88,1,5.82
647,Saint-Philippe,RE,2020-03-02 20:12:33,-21.36,55.77,80.6,94,96,13.87
648,Punta Arenas,CL,2020-03-02 20:12:26,-53.15,-70.92,62.6,63,75,25.28
649,Rikitea,PF,2020-03-02 20:12:36,-23.12,-134.97,80.17,79,100,17.52
650,Havre-Saint-Pierre,CA,2020-03-02 20:14:40,50.23,-63.6,24.8,73,75,5.82
651,Port Elizabeth,ZA,2020-03-02 20:12:40,-33.92,25.57,68.0,94,75,3.36
652,Esperance,AU,2020-03-02 20:13:08,-33.87,121.9,59.0,77,75,6.93
653,Pisco,PE,2020-03-02 20:10:57,-13.7,-76.22,77.0,30,58,13.87
654,Vila Franca Do Campo,PT,2020-03-02 20:12:39,37.72,-25.43,62.6,88,20,12.75
655,Saint-Augustin,CA,2020-03-02 20:14:41,51.23,-58.65,11.89,87,0,7.61
656,Nikolskoye,RU,2020-03-02 20:12:26,59.7,30.79,34.0,86,20,4.47
657,Faanui,PF,2020-03-02 20:13:07,-16.48,-151.75,83.35,72,72,10.69
658,Socorro,US,2020-03-02 20:14:42,31.65,-106.3,70.0,22,1,12.75
659,Port Elizabeth,ZA,2020-03-02 20:12:40,-33.92,25.57,68.0,94,75,3.36
660,Hamilton,US,2020-03-02 20:12:45,39.18,-84.53,52.0,87,90,4.7
661,Albany,US,2020-03-02 20:10:25,42.6,-73.97,59.0,32,40,18.34
662,Wuwei,CN,2020-03-02 20:14:43,37.93,102.64,24.94,45,0,1.21
663,Hermanus,ZA,2020-03-02 20:13:42,-34.42,19.23,70.0,85,0,5.01
664,Davila,PH,2020-03-02 20:14:43,18.47,120.58,76.15,71,45,14.05
665,Punta Arenas,CL,2020-03-02 20:12:26,-53.15,-70.92,62.6,63,75,25.28
666,Fortuna,US,2020-03-02 20:14:02,40.6,-124.16,59.0,66,1,23.04
667,East London,ZA,2020-03-02 20:13:27,-33.02,27.91,72.52,82,18,2.62
668,Kamiiso,JP,2020-03-02 20:14:44,41.82,140.65,28.09,98,100,4.79
669,Kapaa,US,2020-03-02 20:11:54,22.08,-159.32,77.0,61,40,3.36
670,Vaini,TO,2020-03-02 20:12:37,-21.2,-175.2,78.8,88,20,6.93
671,Punta Arenas,CL,2020-03-02 20:12:26,-53.15,-70.92,62.6,63,75,25.28
672,Tete,MZ,2020-03-02 20:14:45,-16.16,33.59,77.0,73,40,6.93
673,Tuktoyaktuk,CA,2020-03-02 20:12:51,69.45,-133.04,-40.0,65,5,4.7
674,Capinota,BO,2020-03-02 20:14:45,-17.72,-66.23,73.4,43,75,4.7
675,Avarua,CK,2020-03-02 20:12:32,-21.21,-159.78,82.4,88,0,4.7
676,Luanda,AO,2020-03-02 20:14:45,-8.84,13.23,82.4,78,75,6.93
677,Ushuaia,AR,2020-03-02 20:09:40,-54.8,-68.3,59.0,50,40,4.7
678,Aswan,EG,2020-03-02 20:14:46,24.09,32.91,68.0,16,0,6.93
679,Prince Rupert,CA,2020-03-02 20:14:46,54.32,-130.32,39.2,93,90,13.87
680,Pisco,PE,2020-03-02 20:10:57,-13.7,-76.22,77.0,30,58,13.87
681,Avarua,CK,2020-03-02 20:12:32,-21.21,-159.78,82.4,88,0,4.7
682,Hobart,AU,2020-03-02 20:12:27,-42.88,147.33,55.4,54,75,8.05
683,Mataura,NZ,2020-03-02 20:12:23,-46.19,168.86,55.99,90,100,11.99
684,Busselton,AU,2020-03-02 20:12:26,-33.65,115.33,59.0,47,0,15.43
685,Rikitea,PF,2020-03-02 20:12:36,-23.12,-134.97,80.17,79,100,17.52
686,Nome,US,2020-03-02 20:10:19,64.5,-165.41,-11.99,83,75,1.03
687,Wuwei,CN,2020-03-02 20:14:43,37.93,102.64,24.94,45,0,1.21
688,Hualmay,PE,2020-03-02 20:14:48,-11.1,-77.61,79.32,60,51,11.74
689,Mataura,NZ,2020-03-02 20:12:23,-46.19,168.86,55.99,90,100,11.99
690,Mataura,NZ,2020-03-02 20:12:23,-46.19,168.86,55.99,90,100,11.99
691,Wasilla,US,2020-03-02 20:14:49,61.58,-149.44,26.01,79,90,10.29
692,Sioux Lookout,CA,2020-03-02 20:14:23,50.1,-91.92,28.4,53,75,12.75
693,East London,ZA,2020-03-02 20:13:27,-33.02,27.91,72.52,82,18,2.62
694,Hermanus,ZA,2020-03-02 20:13:42,-34.42,19.23,70.0,85,0,5.01
695,Port-Cartier,CA,2020-03-02 20:14:50,50.03,-66.87,25.0,79,90,12.75
696,Lima,PE,2020-03-02 20:11:59,-12.04,-77.03,82.4,58,2,13.87
697,Luanda,AO,2020-03-02 20:14:45,-8.84,13.23,82.4,78,75,6.93
698,Russell,US,2020-03-02 20:14:51,32.35,-85.2,66.99,93,90,11.41
699,Naze,JP,2020-03-02 20:14:19,28.37,129.48,60.8,72,40,5.82
700,Longonjo,AO,2020-03-02 20:14:51,-12.91,15.25,61.29,79,26,1.05
701,Mar Del Plata,AR,2020-03-02 20:08:55,-38.0,-57.56,84.2,66,20,10.29
702,Fairbanks,US,2020-03-02 20:10:20,64.84,-147.72,-0.99,76,75,5.82
703,Clacton-On-Sea,GB,2020-03-02 20:14:52,51.79,1.16,42.01,74,0,6.93
704,Guerrero Negro,MX,2020-03-02 20:14:52,27.98,-114.06,62.02,47,86,20.54
705,Arkhara,RU,2020-03-02 20:14:52,49.42,130.08,8.04,94,89,3.53
706,Tual,ID,2020-03-02 20:13:32,-5.67,132.75,83.52,74,100,6.04
707,Sabang,ID,2020-03-02 20:14:53,5.89,95.32,81.05,77,100,10.07
708,Rikitea,PF,2020-03-02 20:12:36,-23.12,-134.97,80.17,79,100,17.52
709,Taltal,CL,2020-03-02 20:14:53,-25.4,-70.48,69.69,64,1,7.7
710,Kahului,US,2020-03-02 20:11:27,20.89,-156.47,73.4,78,20,14.99
711,Vila,PT,2020-03-02 20:13:52,42.03,-8.16,54.0,100,75,10.29
712,Rikitea,PF,2020-03-02 20:12:36,-23.12,-134.97,80.17,79,100,17.52
713,Pacific Grove,US,2020-03-02 20:13:43,36.62,-121.92,66.0,20,1,8.05
714,Coruripe,BR,2020-03-02 20:14:54,-10.13,-36.18,82.67,69,0,12.03
715,Vaini,TO,2020-03-02 20:12:37,-21.2,-175.2,78.8,88,20,6.93
716,Maningrida,AU,2020-03-02 20:14:55,-12.07,134.27,83.43,79,76,8.59
717,Sabha,LY,2020-03-02 20:14:55,27.04,14.43,66.0,16,0,10.49
718,Zhezkazgan,KZ,2020-03-02 20:12:52,47.8,67.71,15.58,90,31,10.49
719,Hobart,AU,2020-03-02 20:12:27,-42.88,147.33,55.4,54,75,8.05
720,Luderitz,NA,2020-03-02 20:14:55,-26.65,15.16,69.8,77,15,9.17
721,Albany,US,2020-03-02 20:10:25,42.6,-73.97,59.0,32,40,18.34
722,Dikson,RU,2020-03-02 20:12:27,73.51,80.55,1.89,99,98,9.78
723,Castro,BR,2020-03-02 20:11:26,-24.79,-50.01,63.09,94,89,6.62
724,Aksarka,RU,2020-03-02 20:14:56,66.56,67.8,13.26,88,0,11.16
725,Avarua,CK,2020-03-02 20:12:32,-21.21,-159.78,82.4,88,0,4.7
726,Hobart,AU,2020-03-02 20:12:27,-42.88,147.33,55.4,54,75,8.05
727,Traipu,BR,2020-03-02 20:14:57,-9.97,-37.0,83.88,56,20,15.64
728,Port Alfred,ZA,2020-03-02 20:12:36,-33.59,26.89,69.01,94,7,6.46
729,Brae,GB,2020-03-02 20:14:57,60.4,-1.35,42.8,93,10,8.05
730,Jacareacanga,BR,2020-03-02 20:14:57,-6.22,-57.75,80.6,88,75,4.7
731,Madang,PG,2020-03-02 20:14:58,-5.22,145.8,82.58,77,5,4.14
732,Chuy,UY,2020-03-02 20:12:24,-33.7,-53.46,75.13,63,13,14.16
733,Barrow,US,2020-03-02 20:13:32,71.29,-156.79,-36.4,95,40,6.93
734,Alice Springs,AU,2020-03-02 20:13:01,-23.7,133.88,64.4,93,90,9.17
735,Januaria,BR,2020-03-02 20:14:58,-15.48,-44.37,75.92,91,53,4.38
736,Hermanus,ZA,2020-03-02 20:13:42,-34.42,19.23,70.0,85,0,5.01
737,Yellowknife,CA,2020-03-02 20:12:57,62.46,-114.35,0.0,70,75,13.87
738,Ossora,RU,2020-03-02 20:14:59,59.24,163.07,-0.44,69,0,2.06
739,Narsaq,GL,2020-03-02 20:13:13,60.92,-46.05,5.0,42,20,4.7
740,Busselton,AU,2020-03-02 20:12:26,-33.65,115.33,59.0,47,0,15.43
741,Vaini,TO,2020-03-02 20:12:37,-21.2,-175.2,78.8,88,20,6.93
742,Ramban,IN,2020-03-02 20:15:00,33.25,75.25,37.99,77,0,4.45
743,Qaanaaq,GL,2020-03-02 20:12:33,77.48,-69.36,-20.43,55,28,5.41
744,Mataura,NZ,2020-03-02 20:12:23,-46.19,168.86,55.99,90,100,11.99
745,Burnie,AU,2020-03-02 20:15:00,-41.07,145.92,48.99,74,0,10.58
746,Rikitea,PF,2020-03-02 20:12:36,-23.12,-134.97,80.17,79,100,17.52
747,Prince Rupert,CA,2020-03-02 20:14:46,54.32,-130.32,39.2,93,90,13.87
748,Torbay,CA,2020-03-02 20:13:17,47.67,-52.73,27.0,86,75,26.4
749,Butaritari,KI,2020-03-02 20:12:39,3.07,172.79,82.58,78,100,22.59
750,Pevek,RU,2020-03-02 20:12:27,69.7,170.31,-7.89,98,100,9.37
751,Yilan,TW,2020-03-02 20:15:01,24.76,121.75,64.0,87,40,11.41
752,Lompoc,US,2020-03-02 20:10:41,34.64,-120.46,66.99,41,1,10.29
753,Bengkulu,ID,2020-03-02 20:13:48,-3.8,102.27,74.75,90,100,3.76
754,Butaritari,KI,2020-03-02 20:12:39,3.07,172.79,82.58,78,100,22.59
755,Grand Island,US,2020-03-02 20:10:40,40.92,-98.34,57.2,60,90,13.87
756,Dikson,RU,2020-03-02 20:12:27,73.51,80.55,1.89,99,98,9.78
757,Tuatapere,NZ,2020-03-02 20:13:18,-46.13,167.68,55.99,90,100,11.99
758,Arraial Do Cabo,BR,2020-03-02 20:12:25,-22.97,-42.03,71.6,94,90,9.17
759,Dondo,MZ,2020-03-02 20:15:03,-19.61,34.74,68.29,89,99,1.66
760,Torbay,CA,2020-03-02 20:13:17,47.67,-52.73,27.0,86,75,26.4
761,Puerto Ayora,EC,2020-03-02 20:14:05,-0.74,-90.35,86.0,62,20,11.41
762,Lagarto,BR,2020-03-02 20:15:04,-10.92,-37.65,86.0,62,20,16.11
763,Hermanus,ZA,2020-03-02 20:13:42,-34.42,19.23,70.0,85,0,5.01
764,Cidreira,BR,2020-03-02 20:13:28,-30.18,-50.21,73.38,71,0,19.33
765,Butaritari,KI,2020-03-02 20:12:39,3.07,172.79,82.58,78,100,22.59
766,Hermanus,ZA,2020-03-02 20:13:42,-34.42,19.23,70.0,85,0,5.01
767,Rikitea,PF,2020-03-02 20:12:36,-23.12,-134.97,80.17,79,100,17.52
768,Qaanaaq,GL,2020-03-02 20:12:33,77.48,-69.36,-20.43,55,28,5.41
769,Busselton,AU,2020-03-02 20:12:26,-33.65,115.33,59.0,47,0,15.43
770,Argayash,RU,2020-03-02 20:15:05,55.49,60.88,32.0,86,100,17.9
771,Port Elizabeth,ZA,2020-03-02 20:12:40,-33.92,25.57,68.0,94,75,3.36
772,Mataura,NZ,2020-03-02 20:12:23,-46.19,168.86,55.99,90,100,11.99
773,Beira,MZ,2020-03-02 20:15:06,-19.84,34.84,80.64,68,100,9.95
774,Kodiak,US,2020-03-02 20:12:48,57.79,-152.41,28.4,42,1,14.99
775,Ushuaia,AR,2020-03-02 20:09:40,-54.8,-68.3,59.0,50,40,4.7
776,Guarapari,BR,2020-03-02 20:15:06,-20.67,-40.5,78.8,78,75,11.41
777,Thompson,CA,2020-03-02 20:07:32,55.74,-97.86,15.8,66,75,4.7
778,Cape Town,ZA,2020-03-02 20:13:21,-33.93,18.42,68.0,82,0,14.99
779,Sakakah,SA,2020-03-02 20:15:07,29.97,40.21,57.2,41,0,6.93
780,Sangar,RU,2020-03-02 20:15:07,63.92,127.47,-17.34,99,59,1.66
781,Tasiilaq,GL,2020-03-02 20:13:12,65.61,-37.64,30.2,74,97,20.8
782,Ilulissat,GL,2020-03-02 20:12:47,69.22,-51.1,-16.6,51,20,3.36
783,Jamestown,US,2020-03-02 20:12:51,42.1,-79.24,48.2,93,90,13.87
784,Port Lincoln,AU,2020-03-02 20:09:04,-34.73,135.87,59.63,75,97,16.55
785,Ust-Nera,RU,2020-03-02 20:15:08,64.57,143.2,-20.97,93,0,1.88
786,Bluff,NZ,2020-03-02 20:12:27,-46.6,168.33,55.99,90,100,11.99
787,Srednekolymsk,RU,2020-03-02 20:15:09,67.45,153.68,-8.09,86,0,8.97
788,Pachelma,RU,2020-03-02 20:15:09,53.24,43.35,31.1,83,100,12.64
789,Nikolayevsk-Na-Amure,RU,2020-03-02 20:15:09,53.14,140.73,-2.15,99,52,0.49
790,Aklavik,CA,2020-03-02 20:14:19,68.22,-135.01,-25.6,60,75,6.93
791,Hobyo,SO,2020-03-02 20:15:10,5.35,48.53,75.58,81,15,11.74
792,Saint-Philippe,RE,2020-03-02 20:12:33,-21.36,55.77,80.6,94,96,13.87
793,Cabo San Lucas,MX,2020-03-02 20:13:16,22.89,-109.91,82.0,34,40,14.99
794,Atuona,PF,2020-03-02 20:12:55,-9.8,-139.03,82.04,76,30,14.94
795,Kars,TR,2020-03-02 20:15:11,40.6,43.09,37.4,69,75,3.36
796,Hermanus,ZA,2020-03-02 20:13:42,-34.42,19.23,70.0,85,0,5.01
797,Ponta Do Sol,PT,2020-03-02 20:15:11,32.67,-17.1,66.2,77,75,5.82
798,Marsh Harbour,BS,2020-03-02 20:15:11,26.54,-77.06,69.24,65,30,18.84
799,North Vernon,US,2020-03-02 20:15:11,39.01,-85.62,54.0,100,90,6.93
800,Hithadhoo,MV,2020-03-02 20:13:05,-0.6,73.08,83.41,71,85,7.0
801,Faanui,PF,2020-03-02 20:13:07,-16.48,-151.75,83.35,72,72,10.69
802,Castro,BR,2020-03-02 20:11:26,-24.79,-50.01,63.09,94,89,6.62
803,Atuona,PF,2020-03-02 20:12:55,-9.8,-139.03,82.04,76,30,14.94
804,Uirauna,BR,2020-03-02 20:15:12,-6.52,-38.41,75.78,89,21,4.43
805,Fort Smith,US,2020-03-02 20:15:13,35.39,-94.4,78.01,47,40,11.41
806,Albany,US,2020-03-02 20:10:25,42.6,-73.97,59.0,32,40,18.34
807,Yantal,RU,2020-03-02 20:15:13,56.85,105.25,-3.55,99,0,3.2
808,Bethel,US,2020-03-02 20:09:25,41.37,-73.41,59.0,37,1,10.29
809,Ushuaia,AR,2020-03-02 20:09:40,-54.8,-68.3,59.0,50,40,4.7
810,Castro,BR,2020-03-02 20:11:26,-24.79,-50.01,63.09,94,89,6.62
811,Hithadhoo,MV,2020-03-02 20:13:05,-0.6,73.08,83.41,71,85,7.0
812,Mar Del Plata,AR,2020-03-02 20:08:55,-38.0,-57.56,84.2,66,20,10.29
813,Carnarvon,AU,2020-03-02 20:13:13,-24.87,113.63,80.6,74,0,10.29
814,Fare,PF,2020-03-02 20:15:14,-16.7,-151.02,83.66,73,53,12.91
815,Bambous Virieux,MU,2020-03-02 20:13:27,-20.34,57.76,80.6,94,75,10.29
816,Cidreira,BR,2020-03-02 20:13:28,-30.18,-50.21,73.38,71,0,19.33
817,Nome,US,2020-03-02 20:10:19,64.5,-165.41,-11.99,83,75,1.03
818,Kaeo,NZ,2020-03-02 20:15:15,-35.1,173.78,73.0,100,90,8.95
819,Thompson,CA,2020-03-02 20:07:32,55.74,-97.86,15.8,66,75,4.7
820,Dingle,PH,2020-03-02 20:12:53,11.0,122.67,71.35,91,85,10.16
821,Kuldiga,LV,2020-03-02 20:15:16,56.97,21.96,41.0,93,100,6.93
822,Shintomi,JP,2020-03-02 20:15:16,32.08,131.47,49.98,67,5,8.37
823,Albany,US,2020-03-02 20:10:25,42.6,-73.97,59.0,32,40,18.34
824,Saint-Pierre,RE,2020-03-02 20:15:16,-21.34,55.48,80.6,94,100,13.87
825,Medicine Hat,CA,2020-03-02 20:15:16,50.05,-110.67,42.8,52,75,17.22
826,Xai-Xai,MZ,2020-03-02 20:15:17,-25.05,33.64,69.12,78,100,3.6
827,Geraldton,AU,2020-03-02 20:15:17,-28.77,114.6,77.0,47,0,19.46
828,Albany,US,2020-03-02 20:10:25,42.6,-73.97,59.0,32,40,18.34
829,Ushuaia,AR,2020-03-02 20:09:40,-54.8,-68.3,59.0,50,40,4.7
830,Yellowknife,CA,2020-03-02 20:12:57,62.46,-114.35,0.0,70,75,13.87
831,Qaanaaq,GL,2020-03-02 20:12:33,77.48,-69.36,-20.43,55,28,5.41
832,Santa Fe Do Sul,BR,2020-03-02 20:15:18,-20.21,-50.93,76.3,88,11,5.86
833,Bambous Virieux,MU,2020-03-02 20:13:27,-20.34,57.76,80.6,94,75,10.29
834,Carnarvon,AU,2020-03-02 20:13:13,-24.87,113.63,80.6,74,0,10.29
835,Guerrero Negro,MX,2020-03-02 20:14:52,27.98,-114.06,62.02,47,86,20.54
836,Carupano,VE,2020-03-02 20:15:18,10.67,-63.26,81.77,62,0,8.48
837,Punta Arenas,CL,2020-03-02 20:12:26,-53.15,-70.92,62.6,63,75,25.28
838,Xuanwu,CN,2020-03-02 20:15:19,32.07,118.81,46.4,70,100,6.71
839,Touros,BR,2020-03-02 20:15:19,-5.2,-35.46,87.8,62,20,13.87
840,Castro,BR,2020-03-02 20:11:26,-24.79,-50.01,63.09,94,89,6.62
841,Fairbanks,US,2020-03-02 20:10:20,64.84,-147.72,-0.99,76,75,5.82
842,Cockburn Town,TC,2020-03-02 20:15:20,21.46,-71.14,75.2,64,75,17.22
843,Ust-Kuyga,RU,2020-03-02 20:15:20,70.02,135.6,-11.6,85,20,12.12
844,Karratha,AU,2020-03-02 20:13:27,-20.74,116.85,84.25,78,4,4.79
845,Kaitangata,NZ,2020-03-02 20:13:36,-46.28,169.85,64.99,72,100,3.0
846,Salalah,OM,2020-03-02 20:13:28,17.02,54.09,75.2,69,0,3.36
847,Lorengau,PG,2020-03-02 20:15:21,-2.02,147.27,84.6,73,21,5.95
848,Chicama,PE,2020-03-02 20:15:21,-7.84,-79.15,77.0,73,40,12.75
849,Qiongshan,CN,2020-03-02 20:15:21,20.01,110.35,68.0,94,30,8.08
850,Mayo,US,2020-03-02 20:15:22,38.89,-76.51,66.99,39,1,12.75
851,Nara,JP,2020-03-02 20:15:22,34.69,135.8,46.99,70,75,11.41
852,Hermanus,ZA,2020-03-02 20:13:42,-34.42,19.23,70.0,85,0,5.01
853,Mahebourg,MU,2020-03-02 20:13:34,-20.41,57.7,80.6,94,75,10.29
854,Hermanus,ZA,2020-03-02 20:13:42,-34.42,19.23,70.0,85,0,5.01
855,Kommunar,RU,2020-03-02 20:15:22,59.62,30.39,33.8,86,20,4.47
856,Prieska,ZA,2020-03-02 20:15:23,-29.66,22.75,79.41,36,59,5.17
857,Hobart,AU,2020-03-02 20:12:27,-42.88,147.33,55.4,54,75,8.05
858,Saskylakh,RU,2020-03-02 20:12:28,71.92,114.08,13.35,84,100,13.33
859,Busselton,AU,2020-03-02 20:12:26,-33.65,115.33,59.0,47,0,15.43
860,Thompson,CA,2020-03-02 20:07:32,55.74,-97.86,15.8,66,75,4.7
861,Boyolangu,ID,2020-03-02 20:15:24,-8.12,111.89,75.45,92,100,0.65
862,Pevek,RU,2020-03-02 20:12:27,69.7,170.31,-7.89,98,100,9.37
863,Hilo,US,2020-03-02 20:12:47,19.73,-155.09,77.0,65,1,3.36
864,Port Alfred,ZA,2020-03-02 20:12:36,-33.59,26.89,69.01,94,7,6.46
865,Opuwo,NA,2020-03-02 20:15:25,-18.06,13.84,67.71,34,33,6.89
866,Tasiilaq,GL,2020-03-02 20:13:12,65.61,-37.64,30.2,74,97,20.8
867,Jamestown,US,2020-03-02 20:12:51,42.1,-79.24,48.2,93,90,13.87
868,Mataura,NZ,2020-03-02 20:12:23,-46.19,168.86,55.99,90,100,11.99
869,Shishou,CN,2020-03-02 20:15:25,29.72,112.42,44.11,89,100,9.57
870,Port Alfred,ZA,2020-03-02 20:12:36,-33.59,26.89,69.01,94,7,6.46
871,Barrow,US,2020-03-02 20:13:32,71.29,-156.79,-36.4,95,40,6.93
872,Albany,US,2020-03-02 20:10:25,42.6,-73.97,59.0,32,40,18.34
873,Pinsk,BY,2020-03-02 20:15:27,52.12,26.1,41.67,92,100,7.54
874,Pevek,RU,2020-03-02 20:12:27,69.7,170.31,-7.89,98,100,9.37
875,Pangnirtung,CA,2020-03-02 20:13:03,66.15,-65.71,-20.2,61,40,2.24
876,East London,ZA,2020-03-02 20:13:27,-33.02,27.91,72.52,82,18,2.62
877,Upernavik,GL,2020-03-02 20:12:30,72.79,-56.15,-25.78,84,0,7.52
878,Sitka,US,2020-03-02 20:15:28,57.05,-135.33,37.4,86,90,12.75
879,Atuona,PF,2020-03-02 20:12:55,-9.8,-139.03,82.04,76,30,14.94
880,Avarua,CK,2020-03-02 20:12:32,-21.21,-159.78,82.4,88,0,4.7
881,Rikitea,PF,2020-03-02 20:12:36,-23.12,-134.97,80.17,79,100,17.52
882,Saint-Philippe,RE,2020-03-02 20:12:33,-21.36,55.77,80.6,94,96,13.87
883,San Quintin,MX,2020-03-02 20:15:29,30.48,-115.95,55.65,58,92,9.91
884,Tiksi,RU,2020-03-02 20:14:24,71.69,128.87,7.95,70,100,44.45
885,Faya,SA,2020-03-02 20:15:29,18.39,42.45,62.6,72,0,4.43
886,Kakinada,IN,2020-03-02 20:15:29,16.93,82.22,70.75,81,0,3.29
887,Resistencia,AR,2020-03-02 20:15:29,-27.46,-58.98,93.2,34,0,4.7
888,Port Hedland,AU,2020-03-02 20:13:58,-20.32,118.57,78.8,88,1,5.82
889,Bredasdorp,ZA,2020-03-02 20:13:34,-34.53,20.04,70.0,82,40,3.36
890,Qaanaaq,GL,2020-03-02 20:12:33,77.48,-69.36,-20.43,55,28,5.41
891,Kruisfontein,ZA,2020-03-02 20:13:02,-34.0,24.73,63.64,96,0,0.51
892,Qujing,CN,2020-03-02 20:15:30,25.48,103.78,45.45,76,0,5.59
893,Victoria,HK,2020-03-02 20:10:27,22.29,114.16,68.0,77,40,16.11
894,Bokhan,RU,2020-03-02 20:15:31,53.15,103.77,5.59,84,0,10.71
895,Nikolskoye,RU,2020-03-02 20:12:26,59.7,30.79,34.0,86,20,4.47
896,Araouane,ML,2020-03-02 20:15:31,18.9,-3.53,78.64,6,0,7.94
897,Kahului,US,2020-03-02 20:11:27,20.89,-156.47,73.4,78,20,14.99
898,Sterling,US,2020-03-02 20:12:55,39.01,-77.43,66.2,58,75,11.41
899,Albany,US,2020-03-02 20:10:25,42.6,-73.97,59.0,32,40,18.34
900,Dikson,RU,2020-03-02 20:12:27,73.51,80.55,1.89,99,98,9.78
901,New Norfolk,AU,2020-03-02 20:12:46,-42.78,147.06,55.4,54,75,8.05
902,Bairnsdale,AU,2020-03-02 20:15:32,-37.83,147.62,55.0,75,72,8.75
903,Provideniya,RU,2020-03-02 20:15:32,64.38,-173.3,-0.4,70,100,3.69
904,Hilo,US,2020-03-02 20:12:47,19.73,-155.09,77.0,65,1,3.36
905,Ushuaia,AR,2020-03-02 20:09:40,-54.8,-68.3,59.0,50,40,4.7
906,Port Alfred,ZA,2020-03-02 20:12:36,-33.59,26.89,69.01,94,7,6.46
907,Labuhan,ID,2020-03-02 20:14:25,-6.88,112.21,74.23,94,100,5.64
908,Puerto Ayora,EC,2020-03-02 20:14:05,-0.74,-90.35,86.0,62,20,11.41
909,Kaeo,NZ,2020-03-02 20:15:15,-35.1,173.78,73.0,100,90,8.95
910,Fairview,US,2020-03-02 20:15:34,40.81,-74.0,64.99,29,1,3.36
911,Rocha,UY,2020-03-02 20:14:22,-34.48,-54.33,78.91,50,0,15.82
912,Punta Arenas,CL,2020-03-02 20:12:26,-53.15,-70.92,62.6,63,75,25.28
913,Basco,PH,2020-03-02 20:15:34,20.45,121.97,74.32,82,49,25.5
914,Busselton,AU,2020-03-02 20:12:26,-33.65,115.33,59.0,47,0,15.43
915,Rikitea,PF,2020-03-02 20:12:36,-23.12,-134.97,80.17,79,100,17.52
916,Tuktoyaktuk,CA,2020-03-02 20:12:51,69.45,-133.04,-40.0,65,5,4.7
917,Ushuaia,AR,2020-03-02 20:09:40,-54.8,-68.3,59.0,50,40,4.7
918,Ancud,CL,2020-03-02 20:15:35,-41.87,-73.82,68.0,64,100,8.05
919,Castro,BR,2020-03-02 20:11:26,-24.79,-50.01,63.09,94,89,6.62
920,Butaritari,KI,2020-03-02 20:12:39,3.07,172.79,82.58,78,100,22.59
921,Ilebo,CD,2020-03-02 20:15:36,-4.32,20.58,73.49,90,42,1.72
922,Puerto Ayora,EC,2020-03-02 20:14:05,-0.74,-90.35,86.0,62,20,11.41
923,Kapaa,US,2020-03-02 20:11:54,22.08,-159.32,77.0,61,40,3.36
924,Port Elizabeth,ZA,2020-03-02 20:12:40,-33.92,25.57,68.0,94,75,3.36
925,Bethel,US,2020-03-02 20:09:25,41.37,-73.41,59.0,37,1,10.29
926,Manta,EC,2020-03-02 20:15:37,-0.95,-80.73,82.4,74,40,6.93
927,Abu Samrah,SY,2020-03-02 20:15:37,35.3,37.18,47.59,85,0,6.87
928,Suluq,LY,2020-03-02 20:15:37,31.67,20.25,63.59,35,0,10.78
929,Mahebourg,MU,2020-03-02 20:13:34,-20.41,57.7,80.6,94,75,10.29
930,Kapaa,US,2020-03-02 20:11:54,22.08,-159.32,77.0,61,40,3.36
931,Airai,TL,2020-03-02 20:13:17,-8.93,125.41,68.07,88,100,4.18
932,Leningradskiy,RU,2020-03-02 20:15:38,69.38,178.42,-1.97,85,98,31.07
933,Qinhuangdao,CN,2020-03-02 20:15:38,39.93,119.59,30.13,96,100,6.73
934,Busselton,AU,2020-03-02 20:12:26,-33.65,115.33,59.0,47,0,15.43
935,Butaritari,KI,2020-03-02 20:12:39,3.07,172.79,82.58,78,100,22.59
936,Farso,DK,2020-03-02 20:15:39,56.77,9.34,41.0,86,79,4.7
937,Manggar,ID,2020-03-02 20:15:39,-2.88,108.27,81.27,84,100,12.33
938,Havoysund,NO,2020-03-02 20:15:39,71.0,24.66,28.4,92,75,20.8
939,Puerto Escondido,MX,2020-03-02 20:15:39,15.85,-97.07,86.0,79,5,11.41
940,Puerto Ayora,EC,2020-03-02 20:14:05,-0.74,-90.35,86.0,62,20,11.41
941,Kahului,US,2020-03-02 20:11:27,20.89,-156.47,73.4,78,20,14.99
942,Ushuaia,AR,2020-03-02 20:09:40,-54.8,-68.3,59.0,50,40,4.7
943,Arraial Do Cabo,BR,2020-03-02 20:12:25,-22.97,-42.03,71.6,94,90,9.17
944,Medea,DZ,2020-03-02 20:15:40,36.26,2.75,53.6,93,75,25.28
945,Hermanus,ZA,2020-03-02 20:13:42,-34.42,19.23,70.0,85,0,5.01
946,Barranca,PE,2020-03-02 20:15:41,-10.75,-77.77,74.03,87,7,13.22
947,Plettenberg Bay,ZA,2020-03-02 20:15:41,-34.05,23.37,66.15,92,0,3.11
948,Vaini,TO,2020-03-02 20:12:37,-21.2,-175.2,78.8,88,20,6.93
949,Omboue,GA,2020-03-02 20:15:41,-1.57,9.26,77.81,95,100,3.2
950,Atuona,PF,2020-03-02 20:12:55,-9.8,-139.03,82.04,76,30,14.94
951,East London,ZA,2020-03-02 20:13:27,-33.02,27.91,72.52,82,18,2.62
952,Tuktoyaktuk,CA,2020-03-02 20:12:51,69.45,-133.04,-40.0,65,5,4.7
953,Kruisfontein,ZA,2020-03-02 20:13:02,-34.0,24.73,63.64,96,0,0.51
954,Bengkulu,ID,2020-03-02 20:13:48,-3.8,102.27,74.75,90,100,3.76
955,Dingle,PH,2020-03-02 20:12:53,11.0,122.67,71.35,91,85,10.16
956,Vaini,TO,2020-03-02 20:12:37,-21.2,-175.2,78.8,88,20,6.93
957,Kaffrine,SN,2020-03-02 20:15:43,14.11,-15.55,86.14,7,0,9.35
958,Albany,US,2020-03-02 20:10:25,42.6,-73.97,59.0,32,40,18.34
959,Kapaa,US,2020-03-02 20:11:54,22.08,-159.32,77.0,61,40,3.36
960,Atuona,PF,2020-03-02 20:12:55,-9.8,-139.03,82.04,76,30,14.94
961,Mount Isa,AU,2020-03-02 20:12:27,-20.73,139.5,78.8,74,40,4.7
962,Saint-Philippe,RE,2020-03-02 20:12:33,-21.36,55.77,80.6,94,96,13.87
963,Busselton,AU,2020-03-02 20:12:26,-33.65,115.33,59.0,47,0,15.43
964,Harpalpur,IN,2020-03-02 20:15:45,25.29,79.33,69.57,48,0,6.4
965,Hithadhoo,MV,2020-03-02 20:13:05,-0.6,73.08,83.41,71,85,7.0
966,Dikson,RU,2020-03-02 20:12:27,73.51,80.55,1.89,99,98,9.78
967,Ilulissat,GL,2020-03-02 20:12:47,69.22,-51.1,-16.6,51,20,3.36
968,Saint-Philippe,RE,2020-03-02 20:12:33,-21.36,55.77,80.6,94,96,13.87
969,Richards Bay,ZA,2020-03-02 20:15:45,-28.78,32.04,74.98,76,100,19.37
970,Mataura,NZ,2020-03-02 20:12:23,-46.19,168.86,55.99,90,100,11.99
971,Cape Town,ZA,2020-03-02 20:13:21,-33.93,18.42,68.0,82,0,14.99
972,Albany,US,2020-03-02 20:10:25,42.6,-73.97,59.0,32,40,18.34
973,Bluff,NZ,2020-03-02 20:12:27,-46.6,168.33,55.99,90,100,11.99
974,Albany,US,2020-03-02 20:10:25,42.6,-73.97,59.0,32,40,18.34
975,Port Blair,IN,2020-03-02 20:09:53,11.67,92.75,80.04,70,53,6.96
976,Rikitea,PF,2020-03-02 20:12:36,-23.12,-134.97,80.17,79,100,17.52
977,Qaanaaq,GL,2020-03-02 20:12:33,77.48,-69.36,-20.43,55,28,5.41
978,Rikitea,PF,2020-03-02 20:12:36,-23.12,-134.97,80.17,79,100,17.52
979,Kruisfontein,ZA,2020-03-02 20:13:02,-34.0,24.73,63.64,96,0,0.51
980,Vaini,TO,2020-03-02 20:12:37,-21.2,-175.2,78.8,88,20,6.93
981,Yellowknife,CA,2020-03-02 20:12:57,62.46,-114.35,0.0,70,75,13.87
982,New Norfolk,AU,2020-03-02 20:12:46,-42.78,147.06,55.4,54,75,8.05
983,Bauchi,NG,2020-03-02 20:15:49,10.5,10.0,79.84,19,0,7.72
984,Sao Miguel Do Araguaia,BR,2020-03-02 20:15:49,-13.28,-50.16,79.03,87,25,2.71
985,Dikson,RU,2020-03-02 20:12:27,73.51,80.55,1.89,99,98,9.78
986,Bethel,US,2020-03-02 20:09:25,41.37,-73.41,59.0,37,1,10.29
987,Busselton,AU,2020-03-02 20:12:26,-33.65,115.33,59.0,47,0,15.43
988,Ugoofaaru,MV,2020-03-02 20:14:01,5.67,73.0,81.68,76,20,11.01
989,Avarua,CK,2020-03-02 20:12:32,-21.21,-159.78,82.4,88,0,4.7
990,Carnarvon,AU,2020-03-02 20:13:13,-24.87,113.63,80.6,74,0,10.29
991,Shelburne,CA,2020-03-02 20:13:09,44.08,-80.2,44.01,99,75,8.05
992,Atambua,ID,2020-03-02 20:15:50,-9.11,124.89,76.1,85,100,2.21
993,Punta Arenas,CL,2020-03-02 20:12:26,-53.15,-70.92,62.6,63,75,25.28
994,Rikitea,PF,2020-03-02 20:12:36,-23.12,-134.97,80.17,79,100,17.52
995,Cabedelo,BR,2020-03-02 20:15:51,-6.98,-34.83,86.0,62,40,11.41
996,Shar,KZ,2020-03-02 20:15:52,49.59,81.05,26.15,79,100,11.92
997,Tasiilaq,GL,2020-03-02 20:13:12,65.61,-37.64,30.2,74,97,20.8
998,Saint-Philippe,RE,2020-03-02 20:12:33,-21.36,55.77,80.6,94,96,13.87
999,Rikitea,PF,2020-03-02 20:12:36,-23.12,-134.97,80.17,79,100,17.52
1000,Cape Town,ZA,2020-03-02 20:13:21,-33.93,18.42,68.0,82,0,14.99
1001,Ponta Do Sol,PT,2020-03-02 20:15:11,32.67,-17.1,66.2,77,75,5.82
1002,Mishan,CN,2020-03-02 20:15:53,45.55,131.88,9.48,93,95,3.94
1003,Fairbanks,US,2020-03-02 20:10:20,64.84,-147.72,-0.99,76,75,5.82
1004,Mataura,NZ,2020-03-02 20:12:23,-46.19,168.86,55.99,90,100,11.99
1005,Punta Arenas,CL,2020-03-02 20:12:26,-53.15,-70.92,62.6,63,75,25.28
1006,Hermanus,ZA,2020-03-02 20:13:42,-34.42,19.23,70.0,85,0,5.01
1007,Wloszczowa,PL,2020-03-02 20:15:54,50.85,19.97,39.0,79,33,5.75
1008,Vestmannaeyjar,IS,2020-03-02 20:15:54,63.44,-20.27,39.56,65,82,44.16
1009,Upernavik,GL,2020-03-02 20:12:30,72.79,-56.15,-25.78,84,0,7.52
1010,Mayor Pablo Lagerenza,PY,2020-03-02 20:15:54,-19.93,-60.77,96.48,20,0,11.43
1011,Saskylakh,RU,2020-03-02 20:12:28,71.92,114.08,13.35,84,100,13.33
1012,Batticaloa,LK,2020-03-02 20:15:55,7.71,81.69,70.36,92,9,2.59
1013,Torbay,CA,2020-03-02 20:13:17,47.67,-52.73,27.0,86,75,26.4
1014,Airai,TL,2020-03-02 20:13:17,-8.93,125.41,68.07,88,100,4.18
1015,Ust-Kut,RU,2020-03-02 20:15:55,56.79,105.77,-3.42,98,0,3.15
1016,Krasnaya Yaruga,RU,2020-03-02 20:15:55,50.8,35.66,42.8,70,100,11.18
1017,Khatanga,RU,2020-03-02 20:13:07,71.97,102.5,12.69,84,100,8.63
1018,Saint George,US,2020-03-02 20:10:32,37.1,-113.58,55.0,34,1,6.93
1019,Opuwo,NA,2020-03-02 20:15:25,-18.06,13.84,67.71,34,33,6.89
1020,Kindu,CD,2020-03-02 20:15:56,-2.95,25.95,69.53,95,66,1.43
1021,Labuhan,ID,2020-03-02 20:14:25,-6.88,112.21,74.23,94,100,5.64
1022,Bubaque,GW,2020-03-02 20:13:59,11.28,-15.83,81.1,75,0,11.48
1023,Puerto Ayora,EC,2020-03-02 20:14:05,-0.74,-90.35,86.0,62,20,11.41
1024,Vao,NC,2020-03-02 20:14:02,-22.67,167.48,79.11,74,100,8.77
1025,Namibe,AO,2020-03-02 20:15:57,-15.2,12.15,75.9,80,0,20.58
1026,Provideniya,RU,2020-03-02 20:15:32,64.38,-173.3,-0.4,70,100,3.69
1027,Rikitea,PF,2020-03-02 20:12:36,-23.12,-134.97,80.17,79,100,17.52
1028,Manuk Mangkaw,PH,2020-03-02 20:15:58,4.8,119.85,80.55,83,54,12.64
1029,Baiyin,CN,2020-03-02 20:15:58,36.56,104.21,33.01,33,100,2.24
1030,Inirida,CO,2020-03-02 20:15:58,3.87,-67.92,92.05,54,45,0.69
1031,Hobart,AU,2020-03-02 20:12:27,-42.88,147.33,55.4,54,75,8.05
1032,Barrow,US,2020-03-02 20:13:32,71.29,-156.79,-36.4,95,40,6.93
1033,Punta Arenas,CL,2020-03-02 20:12:26,-53.15,-70.92,62.6,63,75,25.28
1034,Hithadhoo,MV,2020-03-02 20:13:05,-0.6,73.08,83.41,71,85,7.0
1035,Hoshcha,UA,2020-03-02 20:15:59,50.6,26.67,43.74,82,99,14.47
1036,Kargalinskaya,RU,2020-03-02 20:15:59,43.74,46.48,39.43,88,100,10.2
1037,Tura,IN,2020-03-02 20:16:00,25.52,90.22,66.47,64,0,2.59
1038,Mahebourg,MU,2020-03-02 20:13:34,-20.41,57.7,80.6,94,75,10.29
1039,Ponta Do Sol,PT,2020-03-02 20:15:11,32.67,-17.1,66.2,77,75,5.82
1040,Hami,CN,2020-03-02 20:16:00,42.8,93.45,34.02,38,0,3.87
1041,Padang,ID,2020-03-02 20:16:00,-0.95,100.35,68.88,94,99,4.36
1042,Edd,ER,2020-03-02 20:16:01,13.93,41.69,74.97,79,0,4.43
1043,Pevek,RU,2020-03-02 20:12:27,69.7,170.31,-7.89,98,100,9.37
1044,Jamestown,US,2020-03-02 20:12:51,42.1,-79.24,48.2,93,90,13.87
1045,Yellowknife,CA,2020-03-02 20:12:57,62.46,-114.35,0.0,70,75,13.87
1046,Port Lincoln,AU,2020-03-02 20:09:04,-34.73,135.87,59.63,75,97,16.55
1047,San Cristobal,VE,2020-03-02 20:12:29,7.77,-72.22,91.4,46,40,11.41
1048,Asau,RO,2020-03-02 20:12:24,46.43,26.4,51.8,57,79,12.75
1049,Boende,CD,2020-03-02 20:16:02,-0.22,20.87,73.38,85,2,1.72
1050,Rikitea,PF,2020-03-02 20:12:36,-23.12,-134.97,80.17,79,100,17.52
1051,Ushuaia,AR,2020-03-02 20:09:40,-54.8,-68.3,59.0,50,40,4.7
1052,Cape Town,ZA,2020-03-02 20:13:21,-33.93,18.42,68.0,82,0,14.99
1053,Port Alfred,ZA,2020-03-02 20:12:36,-33.59,26.89,69.01,94,7,6.46
1054,Hobyo,SO,2020-03-02 20:15:10,5.35,48.53,75.58,81,15,11.74
1055,Nanortalik,GL,2020-03-02 20:13:05,60.14,-45.24,15.48,61,0,32.01
1056,Ribeira Grande,PT,2020-03-02 20:14:38,38.52,-28.7,62.6,93,20,18.34
1057,Shenjiamen,CN,2020-03-02 20:16:04,29.96,122.3,48.61,66,100,5.17
1058,Torbay,CA,2020-03-02 20:13:17,47.67,-52.73,27.0,86,75,26.4
1059,Aykhal,RU,2020-03-02 20:16:05,66.0,111.5,10.4,72,100,11.18
1060,Kasungu,MW,2020-03-02 20:16:05,-13.03,33.48,64.35,96,100,4.25
1061,Port Elizabeth,ZA,2020-03-02 20:12:40,-33.92,25.57,68.0,94,75,3.36
1062,Kalemie,CD,2020-03-02 20:16:05,-5.95,29.19,66.0,97,70,1.79
1063,Navahrudak,BY,2020-03-02 20:16:06,53.6,25.83,40.44,94,100,9.71
1064,Mataura,NZ,2020-03-02 20:12:23,-46.19,168.86,55.99,90,100,11.99
1065,Atuona,PF,2020-03-02 20:12:55,-9.8,-139.03,82.04,76,30,14.94
1066,Aneho,TG,2020-03-02 20:16:06,6.23,1.6,86.0,79,40,9.17
1067,Jamestown,US,2020-03-02 20:12:51,42.1,-79.24,48.2,93,90,13.87
1068,Hobart,AU,2020-03-02 20:12:27,-42.88,147.33,55.4,54,75,8.05
1069,Busselton,AU,2020-03-02 20:12:26,-33.65,115.33,59.0,47,0,15.43
1070,Albany,US,2020-03-02 20:10:25,42.6,-73.97,59.0,32,40,18.34
1071,Beohari,IN,2020-03-02 20:16:07,24.05,81.38,66.92,63,4,3.58
1072,Namibe,AO,2020-03-02 20:15:57,-15.2,12.15,75.9,80,0,20.58
1073,Bluff,NZ,2020-03-02 20:12:27,-46.6,168.33,55.99,90,100,11.99
1074,Bokoro,TD,2020-03-02 20:16:08,12.38,17.06,84.9,12,0,10.87
1075,Port Elizabeth,ZA,2020-03-02 20:12:40,-33.92,25.57,68.0,94,75,3.36
1076,Hilo,US,2020-03-02 20:12:47,19.73,-155.09,77.0,65,1,3.36
1077,Vilhena,BR,2020-03-02 20:16:08,-12.74,-60.15,78.8,83,40,6.93
1078,Mongoumba,CF,2020-03-02 20:16:08,3.64,18.59,76.05,71,84,1.9
1079,Mataura,NZ,2020-03-02 20:12:23,-46.19,168.86,55.99,90,100,11.99
1080,Punta Arenas,CL,2020-03-02 20:12:26,-53.15,-70.92,62.6,63,75,25.28
1081,Busselton,AU,2020-03-02 20:12:26,-33.65,115.33,59.0,47,0,15.43
1082,Mataura,NZ,2020-03-02 20:12:23,-46.19,168.86,55.99,90,100,11.99
1083,Hithadhoo,MV,2020-03-02 20:13:05,-0.6,73.08,83.41,71,85,7.0
1084,At-Bashi,KG,2020-03-02 20:16:10,41.17,75.81,10.13,71,0,6.51
1085,Gigmoto,PH,2020-03-02 20:16:10,13.78,124.39,79.09,80,98,14.45
1086,Victoria,HK,2020-03-02 20:10:27,22.29,114.16,68.0,77,40,16.11
1087,Ushuaia,AR,2020-03-02 20:09:40,-54.8,-68.3,59.0,50,40,4.7
1088,Hamilton,US,2020-03-02 20:12:45,39.18,-84.53,52.0,87,90,4.7
1089,Saskylakh,RU,2020-03-02 20:12:28,71.92,114.08,13.35,84,100,13.33
1090,Fairbanks,US,2020-03-02 20:10:20,64.84,-147.72,-0.99,76,75,5.82
1091,Onda,ES,2020-03-02 20:16:11,39.97,-0.25,55.99,34,0,10.29
1092,Cape Town,ZA,2020-03-02 20:13:21,-33.93,18.42,68.0,82,0,14.99
1093,Touros,BR,2020-03-02 20:15:19,-5.2,-35.46,87.8,62,20,13.87
1094,Ayan,RU,2020-03-02 20:16:12,56.45,138.17,0.37,74,0,6.73
1095,Thompson,CA,2020-03-02 20:07:32,55.74,-97.86,15.8,66,75,4.7
1096,Batagay-Alyta,RU,2020-03-02 20:16:12,67.8,130.41,-7.92,50,0,6.71
1097,Camacha,PT,2020-03-02 20:16:13,33.08,-16.33,66.2,82,20,8.05
1098,Faanui,PF,2020-03-02 20:13:07,-16.48,-151.75,83.35,72,72,10.69
1099,Yako,BF,2020-03-02 20:16:13,12.97,-2.27,81.79,10,8,8.23
1100,Sakyla,FI,2020-03-02 20:16:13,61.03,22.33,37.99,93,90,6.93
1101,East London,ZA,2020-03-02 20:13:27,-33.02,27.91,72.52,82,18,2.62
1102,Vaini,TO,2020-03-02 20:12:37,-21.2,-175.2,78.8,88,20,6.93
1103,Rikitea,PF,2020-03-02 20:12:36,-23.12,-134.97,80.17,79,100,17.52
1104,Lagoa,PT,2020-03-02 20:12:44,39.05,-27.98,62.96,84,100,24.36
1105,Puerto Ayora,EC,2020-03-02 20:14:05,-0.74,-90.35,86.0,62,20,11.41
1106,Tuktoyaktuk,CA,2020-03-02 20:12:51,69.45,-133.04,-40.0,65,5,4.7
1107,Ushuaia,AR,2020-03-02 20:09:40,-54.8,-68.3,59.0,50,40,4.7
1108,Yerbogachen,RU,2020-03-02 20:12:56,61.28,108.01,-0.51,98,63,5.99
1109,Alugan,PH,2020-03-02 20:16:15,12.22,125.48,77.77,83,83,11.18
1110,Luxor,EG,2020-03-02 20:16:15,25.7,32.64,66.2,42,0,6.31
1111,Dombarovskiy,RU,2020-03-02 20:16:15,50.76,59.54,14.5,86,0,4.18
1112,Hermanus,ZA,2020-03-02 20:13:42,-34.42,19.23,70.0,85,0,5.01
1113,Cape Town,ZA,2020-03-02 20:13:21,-33.93,18.42,68.0,82,0,14.99
1114,Ushuaia,AR,2020-03-02 20:09:40,-54.8,-68.3,59.0,50,40,4.7
1115,Atuona,PF,2020-03-02 20:12:55,-9.8,-139.03,82.04,76,30,14.94
1116,Agadez,NE,2020-03-02 20:16:16,19.75,10.25,72.01,14,0,5.03
1117,Ambilobe,MG,2020-03-02 20:16:17,-13.2,49.05,75.13,92,89,5.73
1118,Lebu,CL,2020-03-02 20:12:39,-37.62,-73.65,73.4,40,0,6.73
1119,Bambous Virieux,MU,2020-03-02 20:13:27,-20.34,57.76,80.6,94,75,10.29
1120,Fairbanks,US,2020-03-02 20:10:20,64.84,-147.72,-0.99,76,75,5.82
1121,Kodiak,US,2020-03-02 20:12:48,57.79,-152.41,28.4,42,1,14.99
1122,Mahebourg,MU,2020-03-02 20:13:34,-20.41,57.7,80.6,94,75,10.29
1123,Dikson,RU,2020-03-02 20:12:27,73.51,80.55,1.89,99,98,9.78
1124,Busselton,AU,2020-03-02 20:12:26,-33.65,115.33,59.0,47,0,15.43
1125,Tyrma,RU,2020-03-02 20:12:04,50.08,132.17,12.61,95,100,1.86
1126,Kavieng,PG,2020-03-02 20:13:51,-2.57,150.8,85.21,73,100,7.36
1127,Hobart,AU,2020-03-02 20:12:27,-42.88,147.33,55.4,54,75,8.05
1128,Leh,IN,2020-03-02 20:16:19,34.17,77.58,-0.69,67,3,3.56
1129,Acarau,BR,2020-03-02 20:14:20,-2.89,-40.12,78.21,85,100,4.05
1130,Portland,US,2020-03-02 20:09:07,45.52,-122.68,46.99,70,90,12.75
1131,Morro Bay,US,2020-03-02 20:16:20,35.37,-120.85,66.0,27,1,11.41
1132,Komsomolskiy,UZ,2020-03-02 20:16:20,40.43,71.72,51.8,62,84,6.93
1133,Cape Town,ZA,2020-03-02 20:13:21,-33.93,18.42,68.0,82,0,14.99
1134,Chambery,FR,2020-03-02 20:16:20,45.57,5.93,44.6,93,75,4.7
1135,Salalah,OM,2020-03-02 20:13:28,17.02,54.09,75.2,69,0,3.36
1136,Rikitea,PF,2020-03-02 20:12:36,-23.12,-134.97,80.17,79,100,17.52
1137,Mataura,NZ,2020-03-02 20:12:23,-46.19,168.86,55.99,90,100,11.99
1138,Atuona,PF,2020-03-02 20:12:55,-9.8,-139.03,82.04,76,30,14.94
1139,Kodiak,US,2020-03-02 20:12:48,57.79,-152.41,28.4,42,1,14.99
1140,Hasaki,JP,2020-03-02 20:12:52,35.73,140.83,39.2,100,75,1.12
1141,Dingle,PH,2020-03-02 20:12:53,11.0,122.67,71.35,91,85,10.16
1142,Okha,RU,2020-03-02 20:16:22,53.57,142.95,-1.35,98,75,4.07
1143,Crotone,IT,2020-03-02 20:16:22,39.09,17.12,57.2,87,20,16.11
1144,Oskarshamn,SE,2020-03-02 20:16:22,57.26,16.45,39.99,100,90,3.36
1145,Alta Floresta,BR,2020-03-02 20:16:22,-9.88,-56.09,87.8,66,40,3.36
1146,Ribeira Grande,PT,2020-03-02 20:14:38,38.52,-28.7,62.6,93,20,18.34
1147,San Cristobal,VE,2020-03-02 20:12:29,7.77,-72.22,91.4,46,40,11.41
1148,Kavieng,PG,2020-03-02 20:13:51,-2.57,150.8,85.21,73,100,7.36
1149,Atuona,PF,2020-03-02 20:12:55,-9.8,-139.03,82.04,76,30,14.94
1150,Punta Arenas,CL,2020-03-02 20:12:26,-53.15,-70.92,62.6,63,75,25.28
1151,Nome,US,2020-03-02 20:10:19,64.5,-165.41,-11.99,83,75,1.03
1152,Leningradskiy,RU,2020-03-02 20:15:38,69.38,178.42,-1.97,85,98,31.07
1153,Bonavista,CA,2020-03-02 20:16:24,48.65,-53.11,24.4,83,100,21.77
1154,Hobart,AU,2020-03-02 20:12:27,-42.88,147.33,55.4,54,75,8.05
1155,Hermanus,ZA,2020-03-02 20:13:42,-34.42,19.23,70.0,85,0,5.01
1156,Lasa,IT,2020-03-02 20:13:16,46.62,10.7,35.01,96,90,3.53
1157,Santa Isabel,BR,2020-03-02 20:16:25,-23.32,-46.22,73.4,94,75,5.82
1158,Jamestown,US,2020-03-02 20:12:51,42.1,-79.24,48.2,93,90,13.87
1159,Bengkulu,ID,2020-03-02 20:13:48,-3.8,102.27,74.75,90,100,3.76
1160,Obo,CF,2020-03-02 20:16:25,5.4,26.49,73.58,21,18,1.54
1161,Puerto Ayora,EC,2020-03-02 20:14:05,-0.74,-90.35,86.0,62,20,11.41
1162,Severo-Kurilsk,RU,2020-03-02 20:13:23,50.68,156.12,19.83,94,70,2.42
1163,Rikitea,PF,2020-03-02 20:12:36,-23.12,-134.97,80.17,79,100,17.52
1164,Emba,KZ,2020-03-02 20:16:26,48.83,58.14,15.91,78,3,3.76
1165,Severo-Kurilsk,RU,2020-03-02 20:13:23,50.68,156.12,19.83,94,70,2.42
1166,Bakchar,RU,2020-03-02 20:16:26,57.02,82.07,28.17,92,100,9.28
1167,Sakakah,SA,2020-03-02 20:15:07,29.97,40.21,57.2,41,0,6.93
1168,Hobart,AU,2020-03-02 20:12:27,-42.88,147.33,55.4,54,75,8.05
1169,Bluff,NZ,2020-03-02 20:12:27,-46.6,168.33,55.99,90,100,11.99
1170,Yellowknife,CA,2020-03-02 20:12:57,62.46,-114.35,0.0,70,75,13.87
1171,Pochutla,MX,2020-03-02 20:16:28,15.74,-96.47,93.2,49,5,12.75
1172,Bredasdorp,ZA,2020-03-02 20:13:34,-34.53,20.04,70.0,82,40,3.36
1173,Tibagi,BR,2020-03-02 20:13:04,-24.51,-50.41,66.85,89,98,5.64
1174,Flinders,AU,2020-03-02 20:14:21,-34.58,150.86,66.99,100,90,5.82
1175,Fare,PF,2020-03-02 20:15:14,-16.7,-151.02,83.66,73,53,12.91
1176,Barrow,US,2020-03-02 20:13:32,71.29,-156.79,-36.4,95,40,6.93
1177,Busselton,AU,2020-03-02 20:12:26,-33.65,115.33,59.0,47,0,15.43
1178,Mataura,NZ,2020-03-02 20:12:23,-46.19,168.86,55.99,90,100,11.99
1179,Ushuaia,AR,2020-03-02 20:09:40,-54.8,-68.3,59.0,50,40,4.7
1180,Qaanaaq,GL,2020-03-02 20:12:33,77.48,-69.36,-20.43,55,28,5.41
1181,Harper,LR,2020-03-02 20:16:30,4.38,-7.72,78.22,92,100,2.59
1182,Hermanus,ZA,2020-03-02 20:13:42,-34.42,19.23,70.0,85,0,5.01
1183,Sisimiut,GL,2020-03-02 20:14:29,66.94,-53.67,-18.33,82,0,5.01
1184,Rikitea,PF,2020-03-02 20:12:36,-23.12,-134.97,80.17,79,100,17.52
1185,Hobart,AU,2020-03-02 20:12:27,-42.88,147.33,55.4,54,75,8.05
1186,Hay River,CA,2020-03-02 20:16:31,60.82,-115.8,-0.4,70,75,4.7
1187,Khatanga,RU,2020-03-02 20:13:07,71.97,102.5,12.69,84,100,8.63
1188,Rikitea,PF,2020-03-02 20:12:36,-23.12,-134.97,80.17,79,100,17.52
1189,Pitimbu,BR,2020-03-02 20:13:44,-7.47,-34.81,86.0,62,40,11.41
1190,Rikitea,PF,2020-03-02 20:12:36,-23.12,-134.97,80.17,79,100,17.52
1191,Longyearbyen,SJ,2020-03-02 20:13:45,78.22,15.64,-2.2,64,75,9.17
1192,Busselton,AU,2020-03-02 20:12:26,-33.65,115.33,59.0,47,0,15.43
1193,Narsaq,GL,2020-03-02 20:13:13,60.92,-46.05,5.0,42,20,4.7
1194,Iqaluit,CA,2020-03-02 20:13:49,63.75,-68.51,-9.0,69,75,12.19
1195,Meulaboh,ID,2020-03-02 20:16:32,4.14,96.13,82.36,80,100,7.61
1196,San Cristobal,VE,2020-03-02 20:12:29,7.77,-72.22,91.4,46,40,11.41
1197,Rikitea,PF,2020-03-02 20:12:36,-23.12,-134.97,80.17,79,100,17.52
1198,Tashtagol,RU,2020-03-02 20:16:33,52.77,87.89,23.74,91,100,3.24
1199,Bredasdorp,ZA,2020-03-02 20:13:34,-34.53,20.04,70.0,82,40,3.36
1200,Hermanus,ZA,2020-03-02 20:13:42,-34.42,19.23,70.0,85,0,5.01
1201,Lovington,US,2020-03-02 20:16:33,32.94,-103.35,68.0,20,5,18.34
1202,San Cristobal,VE,2020-03-02 20:12:29,7.77,-72.22,91.4,46,40,11.41
1203,Haines Junction,CA,2020-03-02 20:12:50,60.75,-137.51,22.93,86,10,25.95
1204,Mataura,NZ,2020-03-02 20:12:23,-46.19,168.86,55.99,90,100,11.99
1205,Broome,US,2020-03-02 20:16:35,42.25,-75.83,57.99,40,20,17.22
1206,Norman Wells,CA,2020-03-02 20:12:35,65.28,-126.83,-11.2,76,90,8.05
1207,Bluff,NZ,2020-03-02 20:12:27,-46.6,168.33,55.99,90,100,11.99
1208,Albany,US,2020-03-02 20:10:25,42.6,-73.97,59.0,32,40,18.34
1209,Port-Cartier,CA,2020-03-02 20:14:50,50.03,-66.87,25.0,79,90,12.75
1210,Upernavik,GL,2020-03-02 20:12:30,72.79,-56.15,-25.78,84,0,7.52
1211,Norden,DE,2020-03-02 20:16:36,53.6,7.2,44.01,93,75,1.12
1212,Bambous Virieux,MU,2020-03-02 20:13:27,-20.34,57.76,80.6,94,75,10.29
1213,Leh,IN,2020-03-02 20:16:19,34.17,77.58,-0.69,67,3,3.56
1214,Botwood,CA,2020-03-02 20:16:36,49.15,-55.35,21.2,62,40,14.99
1215,Mar Del Plata,AR,2020-03-02 20:08:55,-38.0,-57.56,84.2,66,20,10.29
1216,Rikitea,PF,2020-03-02 20:12:36,-23.12,-134.97,80.17,79,100,17.52
1217,Barrow,US,2020-03-02 20:13:32,71.29,-156.79,-36.4,95,40,6.93
1218,Airai,TL,2020-03-02 20:13:17,-8.93,125.41,68.07,88,100,4.18
1219,High Level,CA,2020-03-02 20:16:37,58.52,-117.14,26.6,73,75,2.24
1220,Kahului,US,2020-03-02 20:11:27,20.89,-156.47,73.4,78,20,14.99
1221,Esil,KZ,2020-03-02 20:16:38,51.96,66.4,8.13,89,0,3.94
1222,Saskylakh,RU,2020-03-02 20:12:28,71.92,114.08,13.35,84,100,13.33
1223,Kapaa,US,2020-03-02 20:11:54,22.08,-159.32,77.0,61,40,3.36
1224,Yellowknife,CA,2020-03-02 20:12:57,62.46,-114.35,0.0,70,75,13.87
1225,Lata,PT,2020-03-02 20:13:20,40.16,-8.33,55.4,66,20,5.82
1226,Port Alfred,ZA,2020-03-02 20:12:36,-33.59,26.89,69.01,94,7,6.46
1227,Narsaq,GL,2020-03-02 20:13:13,60.92,-46.05,5.0,42,20,4.7
1228,Katsuura,JP,2020-03-02 20:13:01,35.13,140.3,44.6,93,20,4.7
1229,Rikitea,PF,2020-03-02 20:12:36,-23.12,-134.97,80.17,79,100,17.52
1230,Guerrero Negro,MX,2020-03-02 20:14:52,27.98,-114.06,62.02,47,86,20.54
1231,Kavieng,PG,2020-03-02 20:13:51,-2.57,150.8,85.21,73,100,7.36
1232,Ixtapa,MX,2020-03-02 20:16:40,20.7,-105.2,78.8,65,5,9.17
1233,Tuktoyaktuk,CA,2020-03-02 20:12:51,69.45,-133.04,-40.0,65,5,4.7
1234,Apaseo El Alto,MX,2020-03-02 20:16:40,20.45,-100.62,82.0,36,75,12.75
1235,Ransang,PH,2020-03-02 20:16:40,8.96,117.58,78.19,73,71,4.59
1236,Constitucion,CL,2020-03-02 20:12:23,-35.33,-72.42,62.29,75,67,6.55
1237,Busselton,AU,2020-03-02 20:12:26,-33.65,115.33,59.0,47,0,15.43
1238,Omsukchan,RU,2020-03-02 20:16:41,62.53,155.8,-13.23,100,43,2.51
1239,Oranjestad,AW,2020-03-02 20:12:18,12.52,-70.03,86.0,58,20,25.28
1240,Kapaa,US,2020-03-02 20:11:54,22.08,-159.32,77.0,61,40,3.36
1241,Port Pirie,AU,2020-03-02 20:16:41,-33.18,138.02,64.4,63,90,12.75
1242,Finschhafen,PG,2020-03-02 20:16:42,-6.6,147.87,83.57,69,69,3.51
1243,Hobart,AU,2020-03-02 20:12:27,-42.88,147.33,55.4,54,75,8.05
1244,Rikitea,PF,2020-03-02 20:12:36,-23.12,-134.97,80.17,79,100,17.52
1245,Rikitea,PF,2020-03-02 20:12:36,-23.12,-134.97,80.17,79,100,17.52
1246,Chokurdakh,RU,2020-03-02 20:13:42,70.63,147.92,-2.56,81,58,15.9
1247,Hobart,AU,2020-03-02 20:12:27,-42.88,147.33,55.4,54,75,8.05
1248,Songea,TZ,2020-03-02 20:16:43,-10.68,35.65,73.4,83,40,5.82
1249,Bredasdorp,ZA,2020-03-02 20:13:34,-34.53,20.04,70.0,82,40,3.36
1250,Bredasdorp,ZA,2020-03-02 20:13:34,-34.53,20.04,70.0,82,40,3.36
1251,Havre,FR,2020-03-02 20:15:23,49.58,0.33,41.0,80,0,11.41
1252,Khatanga,RU,2020-03-02 20:13:07,71.97,102.5,12.69,84,100,8.63
1253,Saskylakh,RU,2020-03-02 20:12:28,71.92,114.08,13.35,84,100,13.33
1254,Chokurdakh,RU,2020-03-02 20:13:42,70.63,147.92,-2.56,81,58,15.9
1255,Punta Arenas,CL,2020-03-02 20:12:26,-53.15,-70.92,62.6,63,75,25.28
1256,Nouadhibou,MR,2020-03-02 20:16:44,20.93,-17.03,68.0,77,0,18.34
1257,Upernavik,GL,2020-03-02 20:12:30,72.79,-56.15,-25.78,84,0,7.52
1258,Husavik,IS,2020-03-02 20:16:45,66.04,-17.34,28.4,68,20,35.57
1259,Arraial Do Cabo,BR,2020-03-02 20:12:25,-22.97,-42.03,71.6,94,90,9.17
1260,Saskylakh,RU,2020-03-02 20:12:28,71.92,114.08,13.35,84,100,13.33
1261,Mahebourg,MU,2020-03-02 20:13:34,-20.41,57.7,80.6,94,75,10.29
1262,Nanortalik,GL,2020-03-02 20:13:05,60.14,-45.24,15.48,61,0,32.01
1263,Aksu,CN,2020-03-02 20:16:46,41.12,80.26,41.34,43,58,3.56
1264,Thompson,CA,2020-03-02 20:07:32,55.74,-97.86,15.8,66,75,4.7
1265,Vaini,TO,2020-03-02 20:12:37,-21.2,-175.2,78.8,88,20,6.93
1266,Lebu,CL,2020-03-02 20:12:39,-37.62,-73.65,73.4,40,0,6.73
1267,Bredasdorp,ZA,2020-03-02 20:13:34,-34.53,20.04,70.0,82,40,3.36
1268,Busselton,AU,2020-03-02 20:12:26,-33.65,115.33,59.0,47,0,15.43
1269,Lebu,CL,2020-03-02 20:12:39,-37.62,-73.65,73.4,40,0,6.73
1270,Punta Arenas,CL,2020-03-02 20:12:26,-53.15,-70.92,62.6,63,75,25.28
1271,Little Current,CA,2020-03-02 20:16:47,45.98,-81.92,37.0,59,1,23.04
1272,Esperance,AU,2020-03-02 20:13:08,-33.87,121.9,59.0,77,75,6.93
1273,Nanortalik,GL,2020-03-02 20:13:05,60.14,-45.24,15.48,61,0,32.01
1274,Quimperle,FR,2020-03-02 20:16:48,47.87,-3.55,46.99,81,20,12.75
1275,Albany,US,2020-03-02 20:10:25,42.6,-73.97,59.0,32,40,18.34
1276,Airai,TL,2020-03-02 20:13:17,-8.93,125.41,68.07,88,100,4.18
1277,Rikitea,PF,2020-03-02 20:12:36,-23.12,-134.97,80.17,79,100,17.52
1278,Gebre Guracha,ET,2020-03-02 20:16:49,9.8,38.4,73.72,37,88,2.04
1279,Busselton,AU,2020-03-02 20:12:26,-33.65,115.33,59.0,47,0,15.43
1280,Rikitea,PF,2020-03-02 20:12:36,-23.12,-134.97,80.17,79,100,17.52
1281,Cabo San Lucas,MX,2020-03-02 20:13:16,22.89,-109.91,82.0,34,40,14.99
1282,Busselton,AU,2020-03-02 20:12:26,-33.65,115.33,59.0,47,0,15.43
1283,Vilcun,CL,2020-03-02 20:16:50,-38.65,-72.23,88.0,39,7,9.17
1284,Thompson,CA,2020-03-02 20:07:32,55.74,-97.86,15.8,66,75,4.7
1285,Margate,GB,2020-03-02 20:14:06,51.38,1.39,42.01,65,0,5.82
1286,Iqaluit,CA,2020-03-02 20:13:49,63.75,-68.51,-9.0,69,75,12.19
1287,Yellowknife,CA,2020-03-02 20:12:57,62.46,-114.35,0.0,70,75,13.87
1288,Barra Dos Coqueiros,BR,2020-03-02 20:16:51,-10.91,-37.04,86.0,62,20,16.11
1289,Privas,FR,2020-03-02 20:16:51,44.58,4.5,48.99,66,90,4.7
1290,Ushuaia,AR,2020-03-02 20:09:40,-54.8,-68.3,59.0,50,40,4.7
1291,Ushuaia,AR,2020-03-02 20:09:40,-54.8,-68.3,59.0,50,40,4.7
1292,Sao Filipe,CV,2020-03-02 20:13:03,14.9,-24.5,76.93,47,0,17.58
1293,Clyde River,CA,2020-03-02 20:16:52,70.47,-68.59,-18.4,75,75,16.11
1294,Punta Arenas,CL,2020-03-02 20:12:26,-53.15,-70.92,62.6,63,75,25.28
1295,Nhulunbuy,AU,2020-03-02 20:13:24,-12.23,136.77,80.6,88,100,4.7
1296,Saint George,US,2020-03-02 20:10:32,37.1,-113.58,55.0,34,1,6.93
1297,Cabo San Lucas,MX,2020-03-02 20:13:16,22.89,-109.91,82.0,34,40,14.99
1298,Uruzgan,AF,2020-03-02 20:16:53,32.83,66.0,42.94,42,0,4.7
1299,Formosa,AR,2020-03-02 20:16:53,-26.18,-58.18,95.0,24,20,6.93
1300,Port Alfred,ZA,2020-03-02 20:12:36,-33.59,26.89,69.01,94,7,6.46
1301,Bubaque,GW,2020-03-02 20:13:59,11.28,-15.83,81.1,75,0,11.48
1302,Gat,IL,2020-03-02 20:14:00,31.61,34.76,57.2,71,20,2.24
1303,Kirakira,SB,2020-03-02 20:16:54,-10.45,161.92,81.68,77,54,2.48
1304,Barrow,US,2020-03-02 20:13:32,71.29,-156.79,-36.4,95,40,6.93
1305,Hermanus,ZA,2020-03-02 20:13:42,-34.42,19.23,70.0,85,0,5.01
1306,Hobart,AU,2020-03-02 20:12:27,-42.88,147.33,55.4,54,75,8.05
1307,Mabaruma,GY,2020-03-02 20:13:26,8.2,-59.78,78.64,73,76,6.13
1308,Chuy,UY,2020-03-02 20:12:24,-33.7,-53.46,75.13,63,13,14.16
1309,Tiksi,RU,2020-03-02 20:14:24,71.69,128.87,7.95,70,100,44.45
1310,Yellowknife,CA,2020-03-02 20:12:57,62.46,-114.35,0.0,70,75,13.87
1311,Mar Del Plata,AR,2020-03-02 20:08:55,-38.0,-57.56,84.2,66,20,10.29
1312,Dicabisagan,PH,2020-03-02 20:16:55,17.08,122.42,73.99,74,100,6.58
1313,Mar Del Plata,AR,2020-03-02 20:08:55,-38.0,-57.56,84.2,66,20,10.29
1314,San Cristobal,VE,2020-03-02 20:12:29,7.77,-72.22,91.4,46,40,11.41
1315,San Cristobal,VE,2020-03-02 20:12:29,7.77,-72.22,91.4,46,40,11.41
1316,Kodiak,US,2020-03-02 20:12:48,57.79,-152.41,28.4,42,1,14.99
1317,Georgetown,MY,2020-03-02 20:12:36,5.41,100.34,82.4,83,20,3.8
1318,Albany,US,2020-03-02 20:10:25,42.6,-73.97,59.0,32,40,18.34
1319,Namatanai,PG,2020-03-02 20:12:44,-3.67,152.43,84.94,69,8,3.13
1320,Henties Bay,NA,2020-03-02 20:16:57,-22.12,14.28,71.01,73,0,9.17
1321,Vila Velha,BR,2020-03-02 20:13:29,-20.33,-40.29,78.8,78,75,11.41
1322,Cabo San Lucas,MX,2020-03-02 20:13:16,22.89,-109.91,82.0,34,40,14.99
1323,Albany,US,2020-03-02 20:10:25,42.6,-73.97,59.0,32,40,18.34
1324,Cape Town,ZA,2020-03-02 20:13:21,-33.93,18.42,68.0,82,0,14.99
1325,Arraial Do Cabo,BR,2020-03-02 20:12:25,-22.97,-42.03,71.6,94,90,9.17
1326,Luderitz,NA,2020-03-02 20:14:55,-26.65,15.16,69.8,77,15,9.17
1327,Guerrero Negro,MX,2020-03-02 20:14:52,27.98,-114.06,62.02,47,86,20.54
1328,Port Hedland,AU,2020-03-02 20:13:58,-20.32,118.57,78.8,88,1,5.82
1329,Busselton,AU,2020-03-02 20:12:26,-33.65,115.33,59.0,47,0,15.43
1330,Cayenne,GF,2020-03-02 20:09:33,4.93,-52.33,82.4,74,75,11.41
1331,Arlit,NE,2020-03-02 20:13:48,18.74,7.39,79.48,8,0,9.48
1332,Luderitz,NA,2020-03-02 20:14:55,-26.65,15.16,69.8,77,15,9.17
1333,Hasaki,JP,2020-03-02 20:12:52,35.73,140.83,39.2,100,75,1.12
1334,Bonthe,SL,2020-03-02 20:17:00,7.53,-12.51,79.5,87,14,7.81
1335,Qaanaaq,GL,2020-03-02 20:12:33,77.48,-69.36,-20.43,55,28,5.41
1336,Dikson,RU,2020-03-02 20:12:27,73.51,80.55,1.89,99,98,9.78
1337,Punta Arenas,CL,2020-03-02 20:12:26,-53.15,-70.92,62.6,63,75,25.28
1338,Saint George,US,2020-03-02 20:10:32,37.1,-113.58,55.0,34,1,6.93
1339,Tiksi,RU,2020-03-02 20:14:24,71.69,128.87,7.95,70,100,44.45
1340,Ginir,ET,2020-03-02 20:17:01,7.13,40.7,63.75,42,100,6.04
1341,Killybegs,IE,2020-03-02 20:17:01,54.63,-8.45,42.8,75,40,25.28
1342,Hermanus,ZA,2020-03-02 20:13:42,-34.42,19.23,70.0,85,0,5.01
1343,Charleston,US,2020-03-02 20:15:01,32.78,-79.93,73.99,49,1,13.87
1344,Ribeira Grande,PT,2020-03-02 20:14:38,38.52,-28.7,62.6,93,20,18.34
1345,Sioux Lookout,CA,2020-03-02 20:14:23,50.1,-91.92,28.4,53,75,12.75
1346,Jamestown,US,2020-03-02 20:12:51,42.1,-79.24,48.2,93,90,13.87
1347,Hilo,US,2020-03-02 20:12:47,19.73,-155.09,77.0,65,1,3.36
1348,Rikitea,PF,2020-03-02 20:12:36,-23.12,-134.97,80.17,79,100,17.52
1349,Hermanus,ZA,2020-03-02 20:13:42,-34.42,19.23,70.0,85,0,5.01
1350,Punta Arenas,CL,2020-03-02 20:12:26,-53.15,-70.92,62.6,63,75,25.28
1351,Jamestown,US,2020-03-02 20:12:51,42.1,-79.24,48.2,93,90,13.87
1352,Kodiak,US,2020-03-02 20:12:48,57.79,-152.41,28.4,42,1,14.99
1353,Zarate,AR,2020-03-02 20:17:04,-34.1,-59.03,96.01,43,20,8.05
1354,Doume,CM,2020-03-02 20:17:04,4.23,13.45,69.84,94,100,6.02
1355,Samana,DO,2020-03-02 20:17:04,19.21,-69.34,80.6,94,75,6.93
1356,Belyy Yar,RU,2020-03-02 20:17:04,53.6,91.39,15.8,85,100,2.24
1357,Tasiilaq,GL,2020-03-02 20:13:12,65.61,-37.64,30.2,74,97,20.8
1358,Nchelenge,ZM,2020-03-02 20:17:05,-9.35,28.73,73.22,81,100,5.37
1359,Isla Mujeres,MX,2020-03-02 20:17:05,21.23,-86.73,82.4,58,75,14.99
1360,Thunder Bay,CA,2020-03-02 20:10:14,48.4,-89.32,35.01,54,75,11.41
1361,Dikson,RU,2020-03-02 20:12:27,73.51,80.55,1.89,99,98,9.78
1362,Nikolskoye,RU,2020-03-02 20:12:26,59.7,30.79,34.0,86,20,4.47
1363,Lebu,CL,2020-03-02 20:12:39,-37.62,-73.65,73.4,40,0,6.73
1364,Coquimbo,CL,2020-03-02 20:16:37,-29.95,-71.34,66.2,72,75,11.41
1365,Frutal,BR,2020-03-02 20:17:06,-20.02,-48.94,74.86,85,19,7.4
1366,Albany,US,2020-03-02 20:10:25,42.6,-73.97,59.0,32,40,18.34
1367,Bambous Virieux,MU,2020-03-02 20:13:27,-20.34,57.76,80.6,94,75,10.29
1368,Port Blair,IN,2020-03-02 20:09:53,11.67,92.75,80.04,70,53,6.96
1369,Bambous Virieux,MU,2020-03-02 20:13:27,-20.34,57.76,80.6,94,75,10.29
1370,Albany,US,2020-03-02 20:10:25,42.6,-73.97,59.0,32,40,18.34
1371,Mattru,SL,2020-03-02 20:17:07,7.62,-11.83,79.39,83,10,4.03
1372,Albany,US,2020-03-02 20:10:25,42.6,-73.97,59.0,32,40,18.34
1373,Luderitz,NA,2020-03-02 20:14:55,-26.65,15.16,69.8,77,15,9.17
1374,Bengkulu,ID,2020-03-02 20:13:48,-3.8,102.27,74.75,90,100,3.76
1375,Avarua,CK,2020-03-02 20:12:32,-21.21,-159.78,82.4,88,0,4.7
1376,Iglas,IN,2020-03-02 20:17:08,27.72,77.93,65.8,52,7,7.34
1377,Pisco,PE,2020-03-02 20:10:57,-13.7,-76.22,77.0,30,58,13.87
1378,Lavrentiya,RU,2020-03-02 20:17:09,65.58,-171.0,-0.74,74,100,2.55
1379,Chifeng,CN,2020-03-02 20:17:09,42.27,118.96,20.82,89,100,4.41
1380,Chapada Dos Guimaraes,BR,2020-03-02 20:17:09,-15.46,-55.75,91.4,38,20,9.17
1381,Punta Arenas,CL,2020-03-02 20:12:26,-53.15,-70.92,62.6,63,75,25.28
1382,Saint-Philippe,RE,2020-03-02 20:12:33,-21.36,55.77,80.6,94,96,13.87
1383,Sisak,HR,2020-03-02 20:17:10,45.47,16.38,55.99,62,100,4.7
1384,Baft,IR,2020-03-02 20:17:10,29.23,56.61,44.24,39,0,4.29
1385,Albany,US,2020-03-02 20:10:25,42.6,-73.97,59.0,32,40,18.34
1386,Sohagpur,IN,2020-03-02 20:17:10,22.7,78.2,67.44,37,0,2.73
1387,Provideniya,RU,2020-03-02 20:15:32,64.38,-173.3,-0.4,70,100,3.69
1388,Tasiilaq,GL,2020-03-02 20:13:12,65.61,-37.64,30.2,74,97,20.8
1389,Minsk,BY,2020-03-02 20:15:22,53.9,27.57,37.4,100,90,11.18
1390,Albany,US,2020-03-02 20:10:25,42.6,-73.97,59.0,32,40,18.34
1391,Airai,TL,2020-03-02 20:13:17,-8.93,125.41,68.07,88,100,4.18
1392,Bluff,NZ,2020-03-02 20:12:27,-46.6,168.33,55.99,90,100,11.99
1393,East London,ZA,2020-03-02 20:13:27,-33.02,27.91,72.52,82,18,2.62
1394,Along,IN,2020-03-02 20:17:12,28.17,94.77,53.17,94,93,3.8
1395,Rikitea,PF,2020-03-02 20:12:36,-23.12,-134.97,80.17,79,100,17.52
1396,Castro,BR,2020-03-02 20:11:26,-24.79,-50.01,63.09,94,89,6.62
1397,Busselton,AU,2020-03-02 20:12:26,-33.65,115.33,59.0,47,0,15.43
1398,Rikitea,PF,2020-03-02 20:12:36,-23.12,-134.97,80.17,79,100,17.52
1399,Port Alfred,ZA,2020-03-02 20:12:36,-33.59,26.89,69.01,94,7,6.46
